flight_id,flight_no,scheduled_departure,scheduled_arrival,actual_departure,actual_arrival,scheduled_duration,actual_duration,departure_delay,arrival_delay,departure_airport,departure_city,arrival_airport,arrival_city,status,aircraft_code,model,range,seats_amount,tickets_amount,paid_total
41242,PG0251,2016-12-13T15:05:00Z,2016-12-13T16:45:00Z,2016-12-13T15:07:00Z,2016-12-13T16:47:00Z,100.0,100.0,2.0,2.0,SVO,Moscow,AAQ,Anapa,Arrived,733,Boeing 737-300,4200,130,117,1654200.00
41246,PG0251,2017-01-31T15:05:00Z,2017-01-31T16:45:00Z,2017-01-31T15:08:00Z,2017-01-31T16:48:00Z,100.0,100.0,3.0,3.0,SVO,Moscow,AAQ,Anapa,Arrived,733,Boeing 737-300,4200,130,113,1654200.00
41250,PG0251,2017-02-05T15:05:00Z,2017-02-05T16:45:00Z,2017-02-05T15:13:00Z,2017-02-05T16:56:00Z,100.0,103.0,8.0,11.0,SVO,Moscow,AAQ,Anapa,Arrived,733,Boeing 737-300,4200,130,115,1654200.00
41253,PG0251,2017-02-01T15:05:00Z,2017-02-01T16:45:00Z,2017-02-01T15:09:00Z,2017-02-01T16:49:00Z,100.0,100.0,4.0,4.0,SVO,Moscow,AAQ,Anapa,Arrived,733,Boeing 737-300,4200,130,115,1703000.00
41258,PG0251,2017-02-04T15:05:00Z,2017-02-04T16:45:00Z,2017-02-04T15:12:00Z,2017-02-04T16:52:00Z,100.0,100.0,7.0,7.0,SVO,Moscow,AAQ,Anapa,Arrived,733,Boeing 737-300,4200,130,107,1555400.00
41259,PG0251,2017-02-03T15:05:00Z,2017-02-03T16:45:00Z,2017-02-03T15:09:00Z,2017-02-03T16:49:00Z,100.0,100.0,4.0,4.0,SVO,Moscow,AAQ,Anapa,Arrived,733,Boeing 737-300,4200,130,112,1617600.00
41260,PG0251,2017-02-02T15:05:00Z,2017-02-02T16:45:00Z,2017-02-02T18:02:00Z,2017-02-02T19:41:00Z,100.0,99.0,177.0,176.0,SVO,Moscow,AAQ,Anapa,Arrived,733,Boeing 737-300,4200,130,113,1604200.00
41266,PG0251,2016-12-09T15:05:00Z,2016-12-09T16:45:00Z,2016-12-09T15:06:00Z,2016-12-09T16:45:00Z,100.0,99.0,1.0,0.0,SVO,Moscow,AAQ,Anapa,Arrived,733,Boeing 737-300,4200,130,120,1762800.00
41271,PG0251,2016-12-10T15:05:00Z,2016-12-10T16:45:00Z,2016-12-10T15:10:00Z,2016-12-10T16:50:00Z,100.0,100.0,5.0,5.0,SVO,Moscow,AAQ,Anapa,Arrived,733,Boeing 737-300,4200,130,130,1886000.00
41277,PG0251,2016-12-04T15:05:00Z,2016-12-04T16:45:00Z,2016-12-04T15:07:00Z,2016-12-04T16:45:00Z,100.0,98.0,2.0,0.0,SVO,Moscow,AAQ,Anapa,Arrived,733,Boeing 737-300,4200,130,110,1592000.00
41280,PG0251,2016-12-11T15:05:00Z,2016-12-11T16:45:00Z,2016-12-11T15:06:00Z,2016-12-11T16:45:00Z,100.0,99.0,1.0,0.0,SVO,Moscow,AAQ,Anapa,Arrived,733,Boeing 737-300,4200,130,104,1494400.00
41285,PG0251,2016-12-12T15:05:00Z,2016-12-12T16:45:00Z,2016-12-12T15:08:00Z,2016-12-12T16:48:00Z,100.0,100.0,3.0,3.0,SVO,Moscow,AAQ,Anapa,Arrived,733,Boeing 737-300,4200,130,119,1703000.00
41298,PG0251,2016-12-14T15:05:00Z,2016-12-14T16:45:00Z,2016-12-14T15:11:00Z,2016-12-14T16:50:00Z,100.0,99.0,6.0,5.0,SVO,Moscow,AAQ,Anapa,Arrived,733,Boeing 737-300,4200,130,109,1529800.00
41308,PG0251,2016-12-15T15:05:00Z,2016-12-15T16:45:00Z,2016-12-15T15:10:00Z,2016-12-15T16:50:00Z,100.0,100.0,5.0,5.0,SVO,Moscow,AAQ,Anapa,Arrived,733,Boeing 737-300,4200,130,117,1703000.00
41312,PG0251,2016-12-03T15:05:00Z,2016-12-03T16:45:00Z,2016-12-03T15:11:00Z,2016-12-03T16:52:00Z,100.0,101.0,6.0,7.0,SVO,Moscow,AAQ,Anapa,Arrived,733,Boeing 737-300,4200,130,109,1628600.00
41318,PG0251,2016-12-16T15:05:00Z,2016-12-16T16:45:00Z,2016-12-16T15:09:00Z,2016-12-16T16:48:00Z,100.0,99.0,4.0,3.0,SVO,Moscow,AAQ,Anapa,Arrived,733,Boeing 737-300,4200,130,112,1640800.00
41321,PG0251,2016-12-17T15:05:00Z,2016-12-17T16:45:00Z,2016-12-17T15:09:00Z,2016-12-17T16:48:00Z,100.0,99.0,4.0,3.0,SVO,Moscow,AAQ,Anapa,Arrived,733,Boeing 737-300,4200,130,102,1468800.00
41328,PG0251,2016-12-18T15:05:00Z,2016-12-18T16:45:00Z,2016-12-18T15:08:00Z,2016-12-18T16:47:00Z,100.0,99.0,3.0,2.0,SVO,Moscow,AAQ,Anapa,Arrived,733,Boeing 737-300,4200,130,116,1666400.00
41329,PG0251,2016-12-06T15:05:00Z,2016-12-06T16:45:00Z,2016-12-06T15:07:00Z,2016-12-06T16:48:00Z,100.0,101.0,2.0,3.0,SVO,Moscow,AAQ,Anapa,Arrived,733,Boeing 737-300,4200,130,119,1726200.00
41337,PG0251,2016-12-19T15:05:00Z,2016-12-19T16:45:00Z,2016-12-19T15:07:00Z,2016-12-19T16:47:00Z,100.0,100.0,2.0,2.0,SVO,Moscow,AAQ,Anapa,Arrived,733,Boeing 737-300,4200,130,115,1677400.00
41346,PG0251,2016-12-20T15:05:00Z,2016-12-20T16:45:00Z,2016-12-20T15:07:00Z,2016-12-20T16:48:00Z,100.0,101.0,2.0,3.0,SVO,Moscow,AAQ,Anapa,Arrived,733,Boeing 737-300,4200,130,117,1726200.00
41351,PG0251,2016-12-02T15:05:00Z,2016-12-02T16:45:00Z,2016-12-02T15:07:00Z,2016-12-02T16:48:00Z,100.0,101.0,2.0,3.0,SVO,Moscow,AAQ,Anapa,Arrived,733,Boeing 737-300,4200,130,116,1690800.00
41353,PG0251,2016-12-21T15:05:00Z,2016-12-21T16:45:00Z,2016-12-21T15:07:00Z,2016-12-21T16:48:00Z,100.0,101.0,2.0,3.0,SVO,Moscow,AAQ,Anapa,Arrived,733,Boeing 737-300,4200,130,124,1764000.00
41358,PG0251,2016-12-22T15:05:00Z,2016-12-22T16:45:00Z,2016-12-22T15:08:00Z,2016-12-22T16:48:00Z,100.0,100.0,3.0,3.0,SVO,Moscow,AAQ,Anapa,Arrived,733,Boeing 737-300,4200,130,103,1457800.00
41359,PG0251,2016-12-05T15:05:00Z,2016-12-05T16:45:00Z,2016-12-05T15:06:00Z,2016-12-05T16:45:00Z,100.0,99.0,1.0,0.0,SVO,Moscow,AAQ,Anapa,Arrived,733,Boeing 737-300,4200,130,108,1566400.00
41366,PG0251,2016-12-23T15:05:00Z,2016-12-23T16:45:00Z,2016-12-23T15:13:00Z,2016-12-23T16:54:00Z,100.0,101.0,8.0,9.0,SVO,Moscow,AAQ,Anapa,Arrived,733,Boeing 737-300,4200,130,129,1873800.00
41373,PG0251,2016-12-24T15:05:00Z,2016-12-24T16:45:00Z,2016-12-24T15:07:00Z,2016-12-24T16:48:00Z,100.0,101.0,2.0,3.0,SVO,Moscow,AAQ,Anapa,Arrived,733,Boeing 737-300,4200,130,116,1689600.00
41379,PG0251,2016-12-25T15:05:00Z,2016-12-25T16:45:00Z,2016-12-25T15:06:00Z,2016-12-25T16:46:00Z,100.0,100.0,1.0,1.0,SVO,Moscow,AAQ,Anapa,Arrived,733,Boeing 737-300,4200,130,117,1676200.00
41381,PG0251,2016-12-07T15:05:00Z,2016-12-07T16:45:00Z,2016-12-07T15:07:00Z,2016-12-07T16:47:00Z,100.0,100.0,2.0,2.0,SVO,Moscow,AAQ,Anapa,Arrived,733,Boeing 737-300,4200,130,125,1823800.00
41385,PG0251,2016-12-01T15:05:00Z,2016-12-01T16:45:00Z,2016-12-01T15:06:00Z,2016-12-01T16:45:00Z,100.0,99.0,1.0,0.0,SVO,Moscow,AAQ,Anapa,Arrived,733,Boeing 737-300,4200,130,111,1628600.00
41388,PG0251,2016-12-26T15:05:00Z,2016-12-26T16:45:00Z,2016-12-26T15:07:00Z,2016-12-26T16:48:00Z,100.0,101.0,2.0,3.0,SVO,Moscow,AAQ,Anapa,Arrived,733,Boeing 737-300,4200,130,124,1788400.00
41393,PG0251,2016-12-27T15:05:00Z,2016-12-27T16:45:00Z,2016-12-27T15:07:00Z,2016-12-27T16:46:00Z,100.0,99.0,2.0,1.0,SVO,Moscow,AAQ,Anapa,Arrived,733,Boeing 737-300,4200,130,110,1544400.00
41400,PG0251,2016-12-28T15:05:00Z,2016-12-28T16:45:00Z,2016-12-28T15:09:00Z,2016-12-28T16:49:00Z,100.0,100.0,4.0,4.0,SVO,Moscow,AAQ,Anapa,Arrived,733,Boeing 737-300,4200,130,120,1739600.00
41409,PG0251,2016-12-29T15:05:00Z,2016-12-29T16:45:00Z,2016-12-29T15:10:00Z,2016-12-29T16:50:00Z,100.0,100.0,5.0,5.0,SVO,Moscow,AAQ,Anapa,Arrived,733,Boeing 737-300,4200,130,112,1616400.00
41416,PG0251,2016-12-30T15:05:00Z,2016-12-30T16:45:00Z,2016-12-30T15:06:00Z,2016-12-30T16:45:00Z,100.0,99.0,1.0,0.0,SVO,Moscow,AAQ,Anapa,Arrived,733,Boeing 737-300,4200,130,123,1800600.00
41424,PG0251,2016-12-31T15:05:00Z,2016-12-31T16:45:00Z,2016-12-31T15:10:00Z,2016-12-31T16:51:00Z,100.0,101.0,5.0,6.0,SVO,Moscow,AAQ,Anapa,Arrived,733,Boeing 737-300,4200,130,109,1555400.00
41429,PG0251,2017-01-01T15:05:00Z,2017-01-01T16:45:00Z,2017-01-01T15:08:00Z,2017-01-01T16:46:00Z,100.0,98.0,3.0,1.0,SVO,Moscow,AAQ,Anapa,Arrived,733,Boeing 737-300,4200,130,120,1764000.00
41438,PG0251,2017-01-02T15:05:00Z,2017-01-02T16:45:00Z,2017-01-02T17:53:00Z,2017-01-02T19:32:00Z,100.0,99.0,168.0,167.0,SVO,Moscow,AAQ,Anapa,Arrived,733,Boeing 737-300,4200,130,107,1555400.00
41443,PG0251,2017-01-03T15:05:00Z,2017-01-03T16:45:00Z,2017-01-03T15:08:00Z,2017-01-03T16:49:00Z,100.0,101.0,3.0,4.0,SVO,Moscow,AAQ,Anapa,Arrived,733,Boeing 737-300,4200,130,124,1788400.00
41455,PG0251,2017-01-04T15:05:00Z,2017-01-04T16:45:00Z,2017-01-04T15:09:00Z,2017-01-04T16:49:00Z,100.0,100.0,4.0,4.0,SVO,Moscow,AAQ,Anapa,Arrived,733,Boeing 737-300,4200,130,104,1517600.00
41460,PG0251,2017-01-05T15:05:00Z,2017-01-05T16:45:00Z,2017-01-05T15:10:00Z,2017-01-05T16:49:00Z,100.0,99.0,5.0,4.0,SVO,Moscow,AAQ,Anapa,Arrived,733,Boeing 737-300,4200,130,124,1811600.00
41466,PG0251,2017-01-06T15:05:00Z,2017-01-06T16:45:00Z,2017-01-06T15:08:00Z,2017-01-06T16:47:00Z,100.0,99.0,3.0,2.0,SVO,Moscow,AAQ,Anapa,Arrived,733,Boeing 737-300,4200,130,115,1628600.00
41474,PG0251,2017-01-07T15:05:00Z,2017-01-07T16:45:00Z,2017-01-07T17:55:00Z,2017-01-07T19:35:00Z,100.0,100.0,170.0,170.0,SVO,Moscow,AAQ,Anapa,Arrived,733,Boeing 737-300,4200,130,114,1666400.00
41479,PG0251,2017-01-08T15:05:00Z,2017-01-08T16:45:00Z,2017-01-08T15:09:00Z,2017-01-08T16:49:00Z,100.0,100.0,4.0,4.0,SVO,Moscow,AAQ,Anapa,Arrived,733,Boeing 737-300,4200,130,116,1642000.00
41486,PG0251,2017-01-09T15:05:00Z,2017-01-09T16:45:00Z,2017-01-09T15:06:00Z,2017-01-09T16:47:00Z,100.0,101.0,1.0,2.0,SVO,Moscow,AAQ,Anapa,Arrived,733,Boeing 737-300,4200,130,109,1581000.00
41492,PG0251,2017-01-10T15:05:00Z,2017-01-10T16:45:00Z,2017-01-10T15:13:00Z,2017-01-10T16:53:00Z,100.0,100.0,8.0,8.0,SVO,Moscow,AAQ,Anapa,Arrived,733,Boeing 737-300,4200,130,120,1764000.00
41493,PG0251,2017-02-28T15:05:00Z,2017-02-28T16:45:00Z,2017-02-28T15:08:00Z,2017-02-28T16:49:00Z,100.0,101.0,3.0,4.0,SVO,Moscow,AAQ,Anapa,Arrived,733,Boeing 737-300,4200,130,102,1468800.00
41499,PG0251,2017-02-27T15:05:00Z,2017-02-27T16:45:00Z,2017-02-27T15:13:00Z,2017-02-27T16:52:00Z,100.0,99.0,8.0,7.0,SVO,Moscow,AAQ,Anapa,Arrived,733,Boeing 737-300,4200,130,117,1703000.00
41500,PG0251,2017-01-11T15:05:00Z,2017-01-11T16:45:00Z,2017-01-11T15:10:00Z,2017-01-11T16:50:00Z,100.0,100.0,5.0,5.0,SVO,Moscow,AAQ,Anapa,Arrived,733,Boeing 737-300,4200,130,108,1567600.00
41507,PG0251,2017-01-12T15:05:00Z,2017-01-12T16:45:00Z,2017-01-12T15:08:00Z,2017-01-12T16:48:00Z,100.0,100.0,3.0,3.0,SVO,Moscow,AAQ,Anapa,Arrived,733,Boeing 737-300,4200,130,113,1604200.00
41508,PG0251,2017-02-26T15:05:00Z,2017-02-26T16:45:00Z,2017-02-26T15:07:00Z,2017-02-26T16:48:00Z,100.0,101.0,2.0,3.0,SVO,Moscow,AAQ,Anapa,Arrived,733,Boeing 737-300,4200,130,111,1653000.00
41512,PG0251,2017-02-25T15:05:00Z,2017-02-25T16:45:00Z,2017-02-25T15:07:00Z,2017-02-25T16:47:00Z,100.0,100.0,2.0,2.0,SVO,Moscow,AAQ,Anapa,Arrived,733,Boeing 737-300,4200,130,115,1677400.00
41513,PG0251,2016-12-08T15:05:00Z,2016-12-08T16:45:00Z,2016-12-08T15:09:00Z,2016-12-08T16:50:00Z,100.0,101.0,4.0,5.0,SVO,Moscow,AAQ,Anapa,Arrived,733,Boeing 737-300,4200,130,109,1581000.00
41516,PG0251,2017-01-13T15:05:00Z,2017-01-13T16:45:00Z,2017-01-13T15:08:00Z,2017-01-13T16:47:00Z,100.0,99.0,3.0,2.0,SVO,Moscow,AAQ,Anapa,Arrived,733,Boeing 737-300,4200,130,110,1592000.00
41521,PG0251,2017-01-14T15:05:00Z,2017-01-14T16:45:00Z,2017-01-14T15:07:00Z,2017-01-14T16:47:00Z,100.0,100.0,2.0,2.0,SVO,Moscow,AAQ,Anapa,Arrived,733,Boeing 737-300,4200,130,120,1715200.00
41522,PG0251,2017-02-24T15:05:00Z,2017-02-24T16:45:00Z,2017-02-24T15:06:00Z,2017-02-24T16:47:00Z,100.0,101.0,1.0,2.0,SVO,Moscow,AAQ,Anapa,Arrived,733,Boeing 737-300,4200,130,118,1739600.00
41526,PG0251,2017-02-23T15:05:00Z,2017-02-23T16:45:00Z,2017-02-23T15:09:00Z,2017-02-23T16:49:00Z,100.0,100.0,4.0,4.0,SVO,Moscow,AAQ,Anapa,Arrived,733,Boeing 737-300,4200,130,123,1775000.00
41528,PG0251,2017-01-15T15:05:00Z,2017-01-15T16:45:00Z,2017-01-15T15:09:00Z,2017-01-15T16:49:00Z,100.0,100.0,4.0,4.0,SVO,Moscow,AAQ,Anapa,Arrived,733,Boeing 737-300,4200,130,119,1703000.00
41535,PG0251,2017-01-16T15:05:00Z,2017-01-16T16:45:00Z,2017-01-16T15:07:00Z,2017-01-16T16:47:00Z,100.0,100.0,2.0,2.0,SVO,Moscow,AAQ,Anapa,Arrived,733,Boeing 737-300,4200,130,126,1837200.00
41538,PG0251,2017-02-22T15:05:00Z,2017-02-22T16:45:00Z,2017-02-22T15:09:00Z,2017-02-22T16:50:00Z,100.0,101.0,4.0,5.0,SVO,Moscow,AAQ,Anapa,Arrived,733,Boeing 737-300,4200,130,120,1762800.00
41542,PG0251,2017-02-21T15:05:00Z,2017-02-21T16:45:00Z,2017-02-21T15:10:00Z,2017-02-21T16:50:00Z,100.0,100.0,5.0,5.0,SVO,Moscow,AAQ,Anapa,Arrived,733,Boeing 737-300,4200,130,122,1764000.00
41543,PG0251,2017-01-17T15:05:00Z,2017-01-17T16:45:00Z,2017-01-17T15:10:00Z,2017-01-17T16:52:00Z,100.0,102.0,5.0,7.0,SVO,Moscow,AAQ,Anapa,Arrived,733,Boeing 737-300,4200,130,105,1507800.00
41549,PG0251,2017-02-20T15:05:00Z,2017-02-20T16:45:00Z,2017-02-20T15:07:00Z,2017-02-20T16:45:00Z,100.0,98.0,2.0,0.0,SVO,Moscow,AAQ,Anapa,Arrived,733,Boeing 737-300,4200,130,106,1540800.00
41552,PG0251,2017-01-18T15:05:00Z,2017-01-18T16:45:00Z,2017-01-18T15:06:00Z,2017-01-18T16:46:00Z,100.0,100.0,1.0,1.0,SVO,Moscow,AAQ,Anapa,Arrived,733,Boeing 737-300,4200,130,129,1873800.00
41556,PG0251,2017-02-19T15:05:00Z,2017-02-19T16:45:00Z,2017-02-19T15:09:00Z,2017-02-19T16:50:00Z,100.0,101.0,4.0,5.0,SVO,Moscow,AAQ,Anapa,Arrived,733,Boeing 737-300,4200,130,122,1786000.00
41559,PG0251,2017-01-19T15:05:00Z,2017-01-19T16:45:00Z,2017-01-19T15:12:00Z,2017-01-19T16:53:00Z,100.0,101.0,7.0,8.0,SVO,Moscow,AAQ,Anapa,Arrived,733,Boeing 737-300,4200,130,112,1616400.00
41561,PG0251,2017-02-18T15:05:00Z,2017-02-18T16:45:00Z,2017-02-18T15:07:00Z,2017-02-18T16:47:00Z,100.0,100.0,2.0,2.0,SVO,Moscow,AAQ,Anapa,Arrived,733,Boeing 737-300,4200,130,115,1701800.00
41565,PG0251,2017-01-20T15:05:00Z,2017-01-20T16:45:00Z,2017-01-20T15:12:00Z,2017-01-20T16:53:00Z,100.0,101.0,7.0,8.0,SVO,Moscow,AAQ,Anapa,Arrived,733,Boeing 737-300,4200,130,112,1642000.00
41571,PG0251,2017-02-17T15:05:00Z,2017-02-17T16:45:00Z,2017-02-17T15:08:00Z,2017-02-17T16:49:00Z,100.0,101.0,3.0,4.0,SVO,Moscow,AAQ,Anapa,Arrived,733,Boeing 737-300,4200,130,109,1581000.00
41572,PG0251,2017-01-21T15:05:00Z,2017-01-21T16:45:00Z,2017-01-21T15:08:00Z,2017-01-21T16:48:00Z,100.0,100.0,3.0,3.0,SVO,Moscow,AAQ,Anapa,Arrived,733,Boeing 737-300,4200,130,108,1592000.00
41575,PG0251,2017-02-16T15:05:00Z,2017-02-16T16:45:00Z,2017-02-16T15:07:00Z,2017-02-16T16:45:00Z,100.0,98.0,2.0,0.0,SVO,Moscow,AAQ,Anapa,Arrived,733,Boeing 737-300,4200,130,117,1726200.00
41580,PG0251,2017-01-22T15:05:00Z,2017-01-22T16:45:00Z,2017-01-22T15:07:00Z,2017-01-22T16:46:00Z,100.0,99.0,2.0,1.0,SVO,Moscow,AAQ,Anapa,Arrived,733,Boeing 737-300,4200,130,130,1886000.00
41582,PG0251,2017-02-15T15:05:00Z,2017-02-15T16:45:00Z,2017-02-15T15:09:00Z,2017-02-15T16:49:00Z,100.0,100.0,4.0,4.0,SVO,Moscow,AAQ,Anapa,Arrived,733,Boeing 737-300,4200,130,124,1811600.00
41585,PG0251,2017-01-23T15:05:00Z,2017-01-23T16:45:00Z,2017-01-23T15:06:00Z,2017-01-23T16:46:00Z,100.0,100.0,1.0,1.0,SVO,Moscow,AAQ,Anapa,Arrived,733,Boeing 737-300,4200,130,117,1678600.00
41590,PG0251,2017-02-14T15:05:00Z,2017-02-14T16:45:00Z,2017-02-14T15:11:00Z,2017-02-14T16:51:00Z,100.0,100.0,6.0,6.0,SVO,Moscow,AAQ,Anapa,Arrived,733,Boeing 737-300,4200,130,106,1542000.00
41592,PG0251,2017-02-13T15:05:00Z,2017-02-13T16:45:00Z,2017-02-13T15:11:00Z,2017-02-13T16:54:00Z,100.0,103.0,6.0,9.0,SVO,Moscow,AAQ,Anapa,Arrived,733,Boeing 737-300,4200,130,115,1604200.00
41594,PG0251,2017-01-24T15:05:00Z,2017-01-24T16:45:00Z,2017-01-24T15:08:00Z,2017-01-24T16:49:00Z,100.0,101.0,3.0,4.0,SVO,Moscow,AAQ,Anapa,Arrived,733,Boeing 737-300,4200,130,117,1677400.00
41598,PG0251,2017-02-12T15:05:00Z,2017-02-12T16:45:00Z,2017-02-12T15:07:00Z,2017-02-12T16:48:00Z,100.0,101.0,2.0,3.0,SVO,Moscow,AAQ,Anapa,Arrived,733,Boeing 737-300,4200,130,119,1727400.00
41601,PG0251,2017-01-25T15:05:00Z,2017-01-25T16:45:00Z,2017-01-25T15:11:00Z,2017-01-25T16:51:00Z,100.0,100.0,6.0,6.0,SVO,Moscow,AAQ,Anapa,Arrived,733,Boeing 737-300,4200,130,128,1861600.00
41603,PG0251,2017-02-11T15:05:00Z,2017-02-11T16:45:00Z,2017-02-11T15:07:00Z,2017-02-11T16:45:00Z,100.0,98.0,2.0,0.0,SVO,Moscow,AAQ,Anapa,Arrived,733,Boeing 737-300,4200,130,114,1617600.00
41605,PG0251,2017-01-26T15:05:00Z,2017-01-26T16:45:00Z,2017-01-26T15:06:00Z,2017-01-26T16:46:00Z,100.0,100.0,1.0,1.0,SVO,Moscow,AAQ,Anapa,Arrived,733,Boeing 737-300,4200,130,122,1762800.00
41613,PG0251,2017-02-10T15:05:00Z,2017-02-10T16:45:00Z,2017-02-10T15:05:00Z,2017-02-10T16:47:00Z,100.0,102.0,0.0,2.0,SVO,Moscow,AAQ,Anapa,Arrived,733,Boeing 737-300,4200,130,116,1666400.00
41615,PG0251,2017-01-27T15:05:00Z,2017-01-27T16:45:00Z,2017-01-27T15:12:00Z,2017-01-27T16:53:00Z,100.0,101.0,7.0,8.0,SVO,Moscow,AAQ,Anapa,Arrived,733,Boeing 737-300,4200,130,113,1653000.00
41619,PG0251,2017-02-09T15:05:00Z,2017-02-09T16:45:00Z,2017-02-09T15:07:00Z,2017-02-09T16:47:00Z,100.0,100.0,2.0,2.0,SVO,Moscow,AAQ,Anapa,Arrived,733,Boeing 737-300,4200,130,125,1800600.00
41623,PG0251,2017-01-28T15:05:00Z,2017-01-28T16:45:00Z,2017-01-28T15:06:00Z,2017-01-28T16:47:00Z,100.0,101.0,1.0,2.0,SVO,Moscow,AAQ,Anapa,Arrived,733,Boeing 737-300,4200,130,109,1556600.00
41626,PG0251,2017-02-08T15:05:00Z,2017-02-08T16:45:00Z,2017-02-08T15:13:00Z,2017-02-08T16:52:00Z,100.0,99.0,8.0,7.0,SVO,Moscow,AAQ,Anapa,Arrived,733,Boeing 737-300,4200,130,116,1712800.00
41628,PG0251,2017-01-29T15:05:00Z,2017-01-29T16:45:00Z,2017-01-29T15:09:00Z,2017-01-29T16:50:00Z,100.0,101.0,4.0,5.0,SVO,Moscow,AAQ,Anapa,Arrived,733,Boeing 737-300,4200,130,126,1812800.00
41633,PG0251,2017-02-07T15:05:00Z,2017-02-07T16:45:00Z,2017-02-07T15:12:00Z,2017-02-07T16:51:00Z,100.0,99.0,7.0,6.0,SVO,Moscow,AAQ,Anapa,Arrived,733,Boeing 737-300,4200,130,121,1775000.00
41634,PG0251,2017-01-30T15:05:00Z,2017-01-30T16:45:00Z,2017-01-30T15:09:00Z,2017-01-30T16:48:00Z,100.0,99.0,4.0,3.0,SVO,Moscow,AAQ,Anapa,Arrived,733,Boeing 737-300,4200,130,115,1700600.00
41636,PG0251,2017-02-06T15:05:00Z,2017-02-06T16:45:00Z,2017-02-06T15:07:00Z,2017-02-06T16:47:00Z,100.0,100.0,2.0,2.0,SVO,Moscow,AAQ,Anapa,Arrived,733,Boeing 737-300,4200,130,116,1689600.00
136119,PG0252,2017-01-03T10:05:00Z,2017-01-03T11:45:00Z,2017-01-03T10:08:00Z,2017-01-03T11:49:00Z,100.0,101.0,3.0,4.0,AAQ,Anapa,SVO,Moscow,Arrived,733,Boeing 737-300,4200,130,113,1653000.00
136120,PG0252,2017-02-24T10:05:00Z,2017-02-24T11:45:00Z,2017-02-24T10:07:00Z,2017-02-24T11:46:00Z,100.0,99.0,2.0,1.0,AAQ,Anapa,SVO,Moscow,Arrived,733,Boeing 737-300,4200,130,109,1605400.00
136122,PG0252,2017-01-08T10:05:00Z,2017-01-08T11:45:00Z,2017-01-08T10:08:00Z,2017-01-08T11:48:00Z,100.0,100.0,3.0,3.0,AAQ,Anapa,SVO,Moscow,Arrived,733,Boeing 737-300,4200,130,97,1431000.00
136130,PG0252,2017-02-13T10:05:00Z,2017-02-13T11:45:00Z,2017-02-13T10:07:00Z,2017-02-13T11:46:00Z,100.0,99.0,2.0,1.0,AAQ,Anapa,SVO,Moscow,Arrived,733,Boeing 737-300,4200,130,107,1556600.00
136131,PG0252,2017-01-28T10:05:00Z,2017-01-28T11:45:00Z,2017-01-28T10:07:00Z,2017-01-28T11:46:00Z,100.0,99.0,2.0,1.0,AAQ,Anapa,SVO,Moscow,Arrived,733,Boeing 737-300,4200,130,124,1812800.00
136132,PG0252,2017-02-15T10:05:00Z,2017-02-15T11:45:00Z,2017-02-15T10:09:00Z,2017-02-15T11:48:00Z,100.0,99.0,4.0,3.0,AAQ,Anapa,SVO,Moscow,Arrived,733,Boeing 737-300,4200,130,116,1714000.00
136135,PG0252,2017-02-01T10:05:00Z,2017-02-01T11:45:00Z,2017-02-01T10:08:00Z,2017-02-01T11:48:00Z,100.0,100.0,3.0,3.0,AAQ,Anapa,SVO,Moscow,Arrived,733,Boeing 737-300,4200,130,115,1678600.00
136141,PG0252,2016-12-12T10:05:00Z,2016-12-12T11:45:00Z,2016-12-12T10:08:00Z,2016-12-12T11:50:00Z,100.0,102.0,3.0,5.0,AAQ,Anapa,SVO,Moscow,Arrived,733,Boeing 737-300,4200,130,109,1603000.00
136143,PG0252,2016-12-14T10:05:00Z,2016-12-14T11:45:00Z,2016-12-14T10:06:00Z,2016-12-14T11:46:00Z,100.0,100.0,1.0,1.0,AAQ,Anapa,SVO,Moscow,Arrived,733,Boeing 737-300,4200,130,105,1554200.00
136146,PG0252,2017-02-09T10:05:00Z,2017-02-09T11:45:00Z,2017-02-09T10:08:00Z,2017-02-09T11:48:00Z,100.0,100.0,3.0,3.0,AAQ,Anapa,SVO,Moscow,Arrived,733,Boeing 737-300,4200,130,109,1604200.00
136159,PG0252,2017-01-04T10:05:00Z,2017-01-04T11:45:00Z,2017-01-04T10:07:00Z,2017-01-04T11:45:00Z,100.0,98.0,2.0,0.0,AAQ,Anapa,SVO,Moscow,Arrived,733,Boeing 737-300,4200,130,115,1700600.00
136164,PG0252,2017-01-07T10:05:00Z,2017-01-07T11:45:00Z,2017-01-07T10:07:00Z,2017-01-07T11:46:00Z,100.0,99.0,2.0,1.0,AAQ,Anapa,SVO,Moscow,Arrived,733,Boeing 737-300,4200,130,120,1738400.00
136165,PG0252,2017-02-22T10:05:00Z,2017-02-22T11:45:00Z,2017-02-22T10:11:00Z,2017-02-22T11:52:00Z,100.0,101.0,6.0,7.0,AAQ,Anapa,SVO,Moscow,Arrived,733,Boeing 737-300,4200,130,110,1567600.00
136172,PG0252,2017-01-15T10:05:00Z,2017-01-15T11:45:00Z,2017-01-15T10:05:00Z,2017-01-15T11:44:00Z,100.0,99.0,0.0,-1.0,AAQ,Anapa,SVO,Moscow,Arrived,733,Boeing 737-300,4200,130,110,1617600.00
136178,PG0252,2017-01-29T10:05:00Z,2017-01-29T11:45:00Z,2017-01-29T10:10:00Z,2017-01-29T11:49:00Z,100.0,99.0,5.0,4.0,AAQ,Anapa,SVO,Moscow,Arrived,733,Boeing 737-300,4200,130,99,1434600.00
136181,PG0252,2017-01-31T10:05:00Z,2017-01-31T11:45:00Z,2017-01-31T10:05:00Z,2017-01-31T11:44:00Z,100.0,99.0,0.0,-1.0,AAQ,Anapa,SVO,Moscow,Arrived,733,Boeing 737-300,4200,130,118,1689600.00
136185,PG0252,2017-01-14T10:05:00Z,2017-01-14T11:45:00Z,2017-01-14T10:06:00Z,2017-01-14T11:49:00Z,100.0,103.0,1.0,4.0,AAQ,Anapa,SVO,Moscow,Arrived,733,Boeing 737-300,4200,130,104,1520000.00
136187,PG0252,2016-12-01T10:05:00Z,2016-12-01T11:45:00Z,2016-12-01T10:09:00Z,2016-12-01T11:49:00Z,100.0,100.0,4.0,4.0,AAQ,Anapa,SVO,Moscow,Arrived,733,Boeing 737-300,4200,130,129,1873800.00
136202,PG0252,2017-01-05T10:05:00Z,2017-01-05T11:45:00Z,2017-01-05T10:07:00Z,2017-01-05T11:49:00Z,100.0,102.0,2.0,4.0,AAQ,Anapa,SVO,Moscow,Arrived,733,Boeing 737-300,4200,130,100,1495600.00
136204,PG0252,2017-02-23T10:05:00Z,2017-02-23T11:45:00Z,2017-02-23T10:06:00Z,2017-02-23T11:46:00Z,100.0,100.0,1.0,1.0,AAQ,Anapa,SVO,Moscow,Arrived,733,Boeing 737-300,4200,130,107,1457800.00
136207,PG0252,2016-12-27T10:05:00Z,2016-12-27T11:45:00Z,2016-12-27T10:07:00Z,2016-12-27T11:48:00Z,100.0,101.0,2.0,3.0,AAQ,Anapa,SVO,Moscow,Arrived,733,Boeing 737-300,4200,130,110,1567600.00
136209,PG0252,2017-01-06T10:05:00Z,2017-01-06T11:45:00Z,2017-01-06T10:09:00Z,2017-01-06T11:49:00Z,100.0,100.0,4.0,4.0,AAQ,Anapa,SVO,Moscow,Arrived,733,Boeing 737-300,4200,130,112,1615200.00
136210,PG0252,2016-12-21T10:05:00Z,2016-12-21T11:45:00Z,2016-12-21T10:08:00Z,2016-12-21T11:48:00Z,100.0,100.0,3.0,3.0,AAQ,Anapa,SVO,Moscow,Arrived,733,Boeing 737-300,4200,130,118,1711600.00
136215,PG0252,2017-02-28T10:05:00Z,2017-02-28T11:45:00Z,2017-02-28T10:09:00Z,2017-02-28T11:49:00Z,100.0,100.0,4.0,4.0,AAQ,Anapa,SVO,Moscow,Arrived,733,Boeing 737-300,4200,130,114,1664000.00
136223,PG0252,2016-12-13T10:05:00Z,2016-12-13T11:45:00Z,2016-12-13T10:06:00Z,2016-12-13T11:47:00Z,100.0,101.0,1.0,2.0,AAQ,Anapa,SVO,Moscow,Arrived,733,Boeing 737-300,4200,130,121,1751800.00
136226,PG0252,2017-01-30T10:05:00Z,2017-01-30T11:45:00Z,2017-01-30T10:08:00Z,2017-01-30T11:48:00Z,100.0,100.0,3.0,3.0,AAQ,Anapa,SVO,Moscow,Arrived,733,Boeing 737-300,4200,130,130,1886000.00
136244,PG0252,2016-12-22T10:05:00Z,2016-12-22T11:45:00Z,2016-12-22T10:08:00Z,2016-12-22T11:47:00Z,100.0,99.0,3.0,2.0,AAQ,Anapa,SVO,Moscow,Arrived,733,Boeing 737-300,4200,130,117,1703000.00
136249,PG0252,2017-02-14T10:05:00Z,2017-02-14T11:45:00Z,2017-02-14T10:08:00Z,2017-02-14T11:46:00Z,100.0,98.0,3.0,1.0,AAQ,Anapa,SVO,Moscow,Arrived,733,Boeing 737-300,4200,130,123,1800600.00
136250,PG0252,2017-02-08T10:05:00Z,2017-02-08T11:45:00Z,2017-02-08T10:06:00Z,2017-02-08T11:47:00Z,100.0,101.0,1.0,2.0,AAQ,Anapa,SVO,Moscow,Arrived,733,Boeing 737-300,4200,130,99,1407800.00
136252,PG0252,2016-12-20T10:05:00Z,2016-12-20T11:45:00Z,2016-12-20T10:05:00Z,2016-12-20T11:46:00Z,100.0,101.0,0.0,1.0,AAQ,Anapa,SVO,Moscow,Arrived,733,Boeing 737-300,4200,130,102,1517600.00
136253,PG0252,2016-12-24T10:05:00Z,2016-12-24T11:45:00Z,2016-12-24T10:08:00Z,2016-12-24T11:46:00Z,100.0,98.0,3.0,1.0,AAQ,Anapa,SVO,Moscow,Arrived,733,Boeing 737-300,4200,130,93,1407800.00
136257,PG0252,2016-12-18T10:05:00Z,2016-12-18T11:45:00Z,2016-12-18T10:09:00Z,2016-12-18T11:49:00Z,100.0,100.0,4.0,4.0,AAQ,Anapa,SVO,Moscow,Arrived,733,Boeing 737-300,4200,130,111,1628600.00
136262,PG0252,2016-12-28T10:05:00Z,2016-12-28T11:45:00Z,2016-12-28T10:10:00Z,2016-12-28T11:49:00Z,100.0,99.0,5.0,4.0,AAQ,Anapa,SVO,Moscow,Arrived,733,Boeing 737-300,4200,130,128,1861600.00
136264,PG0252,2017-02-18T10:05:00Z,2017-02-18T11:45:00Z,2017-02-18T10:07:00Z,2017-02-18T11:47:00Z,100.0,100.0,2.0,2.0,AAQ,Anapa,SVO,Moscow,Arrived,733,Boeing 737-300,4200,130,116,1690800.00
136266,PG0252,2017-02-27T10:05:00Z,2017-02-27T11:45:00Z,2017-02-27T10:08:00Z,2017-02-27T11:48:00Z,100.0,100.0,3.0,3.0,AAQ,Anapa,SVO,Moscow,Arrived,733,Boeing 737-300,4200,130,108,1566400.00
136268,PG0252,2017-02-16T10:05:00Z,2017-02-16T11:45:00Z,2017-02-16T10:08:00Z,2017-02-16T11:49:00Z,100.0,101.0,3.0,4.0,AAQ,Anapa,SVO,Moscow,Arrived,733,Boeing 737-300,4200,130,115,1676200.00
136269,PG0252,2017-02-11T10:05:00Z,2017-02-11T11:45:00Z,2017-02-11T10:13:00Z,2017-02-11T11:53:00Z,100.0,100.0,8.0,8.0,AAQ,Anapa,SVO,Moscow,Arrived,733,Boeing 737-300,4200,130,109,1605400.00
136270,PG0252,2017-02-12T10:05:00Z,2017-02-12T11:45:00Z,2017-02-12T10:12:00Z,2017-02-12T11:51:00Z,100.0,99.0,7.0,6.0,AAQ,Anapa,SVO,Moscow,Arrived,733,Boeing 737-300,4200,130,111,1628600.00
136273,PG0252,2016-12-09T10:05:00Z,2016-12-09T11:45:00Z,2016-12-09T10:06:00Z,2016-12-09T11:45:00Z,100.0,99.0,1.0,0.0,AAQ,Anapa,SVO,Moscow,Arrived,733,Boeing 737-300,4200,130,129,1873800.00
136275,PG0252,2017-01-13T10:05:00Z,2017-01-13T11:45:00Z,2017-01-13T10:08:00Z,2017-01-13T11:46:00Z,100.0,98.0,3.0,1.0,AAQ,Anapa,SVO,Moscow,Arrived,733,Boeing 737-300,4200,130,125,1825000.00
136282,PG0252,2017-01-16T10:05:00Z,2017-01-16T11:45:00Z,2017-01-16T10:07:00Z,2017-01-16T11:48:00Z,100.0,101.0,2.0,3.0,AAQ,Anapa,SVO,Moscow,Arrived,733,Boeing 737-300,4200,130,106,1518800.00
136284,PG0252,2017-02-07T10:05:00Z,2017-02-07T11:45:00Z,2017-02-07T10:07:00Z,2017-02-07T11:48:00Z,100.0,101.0,2.0,3.0,AAQ,Anapa,SVO,Moscow,Arrived,733,Boeing 737-300,4200,130,117,1677400.00
136293,PG0252,2017-01-23T10:05:00Z,2017-01-23T11:45:00Z,2017-01-23T10:09:00Z,2017-01-23T11:48:00Z,100.0,99.0,4.0,3.0,AAQ,Anapa,SVO,Moscow,Arrived,733,Boeing 737-300,4200,130,114,1689600.00
136296,PG0252,2016-12-29T10:05:00Z,2016-12-29T11:45:00Z,2016-12-29T10:07:00Z,2016-12-29T11:46:00Z,100.0,99.0,2.0,1.0,AAQ,Anapa,SVO,Moscow,Arrived,733,Boeing 737-300,4200,130,117,1678600.00
136306,PG0252,2016-12-04T10:05:00Z,2016-12-04T11:45:00Z,2016-12-04T10:10:00Z,2016-12-04T11:50:00Z,100.0,100.0,5.0,5.0,AAQ,Anapa,SVO,Moscow,Arrived,733,Boeing 737-300,4200,130,102,1443200.00
136310,PG0252,2017-01-22T10:05:00Z,2017-01-22T11:45:00Z,2017-01-22T10:07:00Z,2017-01-22T11:47:00Z,100.0,100.0,2.0,2.0,AAQ,Anapa,SVO,Moscow,Arrived,733,Boeing 737-300,4200,130,117,1654200.00
136316,PG0252,2017-01-12T10:05:00Z,2017-01-12T11:45:00Z,2017-01-12T10:07:00Z,2017-01-12T11:47:00Z,100.0,100.0,2.0,2.0,AAQ,Anapa,SVO,Moscow,Arrived,733,Boeing 737-300,4200,130,130,1886000.00
136318,PG0252,2016-12-17T10:05:00Z,2016-12-17T11:45:00Z,2016-12-17T10:07:00Z,2016-12-17T11:49:00Z,100.0,102.0,2.0,4.0,AAQ,Anapa,SVO,Moscow,Arrived,733,Boeing 737-300,4200,130,104,1544400.00
136320,PG0252,2017-02-19T10:05:00Z,2017-02-19T11:45:00Z,2017-02-19T10:05:00Z,2017-02-19T11:45:00Z,100.0,100.0,0.0,0.0,AAQ,Anapa,SVO,Moscow,Arrived,733,Boeing 737-300,4200,130,106,1544400.00
136322,PG0252,2017-02-06T10:05:00Z,2017-02-06T11:45:00Z,2017-02-06T10:11:00Z,2017-02-06T11:52:00Z,100.0,101.0,6.0,7.0,AAQ,Anapa,SVO,Moscow,Arrived,733,Boeing 737-300,4200,130,108,1567600.00
136324,PG0252,2016-12-05T10:05:00Z,2016-12-05T11:45:00Z,2016-12-05T10:09:00Z,2016-12-05T11:50:00Z,100.0,101.0,4.0,5.0,AAQ,Anapa,SVO,Moscow,Arrived,733,Boeing 737-300,4200,130,118,1666400.00
136327,PG0252,2016-12-30T10:05:00Z,2016-12-30T11:45:00Z,2016-12-30T10:12:00Z,2016-12-30T11:52:00Z,100.0,100.0,7.0,7.0,AAQ,Anapa,SVO,Moscow,Arrived,733,Boeing 737-300,4200,130,108,1543200.00
136338,PG0252,2016-12-19T10:05:00Z,2016-12-19T11:45:00Z,2016-12-19T10:06:00Z,2016-12-19T11:46:00Z,100.0,100.0,1.0,1.0,AAQ,Anapa,SVO,Moscow,Arrived,733,Boeing 737-300,4200,130,128,1861600.00
136345,PG0252,2017-01-24T10:05:00Z,2017-01-24T11:45:00Z,2017-01-24T13:32:00Z,2017-01-24T15:12:00Z,100.0,100.0,207.0,207.0,AAQ,Anapa,SVO,Moscow,Arrived,733,Boeing 737-300,4200,130,108,1517600.00
136348,PG0252,2017-02-10T10:05:00Z,2017-02-10T11:45:00Z,2017-02-10T10:05:00Z,2017-02-10T11:45:00Z,100.0,100.0,0.0,0.0,AAQ,Anapa,SVO,Moscow,Arrived,733,Boeing 737-300,4200,130,120,1762800.00
136351,PG0252,2017-02-26T10:05:00Z,2017-02-26T11:45:00Z,2017-02-26T10:13:00Z,2017-02-26T11:53:00Z,100.0,100.0,8.0,8.0,AAQ,Anapa,SVO,Moscow,Arrived,733,Boeing 737-300,4200,130,105,1555400.00
136352,PG0252,2016-12-10T10:05:00Z,2016-12-10T11:45:00Z,2016-12-10T10:10:00Z,2016-12-10T11:50:00Z,100.0,100.0,5.0,5.0,AAQ,Anapa,SVO,Moscow,Arrived,733,Boeing 737-300,4200,130,92,1372400.00
136360,PG0252,2017-02-05T10:05:00Z,2017-02-05T11:45:00Z,2017-02-05T10:08:00Z,2017-02-05T11:48:00Z,100.0,100.0,3.0,3.0,AAQ,Anapa,SVO,Moscow,Arrived,733,Boeing 737-300,4200,130,97,1455400.00
136366,PG0252,2017-01-11T10:05:00Z,2017-01-11T11:45:00Z,2017-01-11T10:08:00Z,2017-01-11T11:47:00Z,100.0,99.0,3.0,2.0,AAQ,Anapa,SVO,Moscow,Arrived,733,Boeing 737-300,4200,130,103,1527400.00
136368,PG0252,2016-12-31T10:05:00Z,2016-12-31T11:45:00Z,2016-12-31T10:07:00Z,2016-12-31T11:47:00Z,100.0,100.0,2.0,2.0,AAQ,Anapa,SVO,Moscow,Arrived,733,Boeing 737-300,4200,130,130,1886000.00
136383,PG0252,2017-01-25T10:05:00Z,2017-01-25T11:45:00Z,2017-01-25T10:09:00Z,2017-01-25T11:51:00Z,100.0,102.0,4.0,6.0,AAQ,Anapa,SVO,Moscow,Arrived,733,Boeing 737-300,4200,130,106,1493200.00
136385,PG0252,2016-12-16T10:05:00Z,2016-12-16T11:45:00Z,2016-12-16T10:10:00Z,2016-12-16T11:50:00Z,100.0,100.0,5.0,5.0,AAQ,Anapa,SVO,Moscow,Arrived,733,Boeing 737-300,4200,130,128,1861600.00
136387,PG0252,2017-01-19T10:05:00Z,2017-01-19T11:45:00Z,2017-01-19T10:08:00Z,2017-01-19T11:47:00Z,100.0,99.0,3.0,2.0,AAQ,Anapa,SVO,Moscow,Arrived,733,Boeing 737-300,4200,130,121,1775000.00
136389,PG0252,2017-01-18T10:05:00Z,2017-01-18T11:45:00Z,2017-01-18T10:10:00Z,2017-01-18T11:50:00Z,100.0,100.0,5.0,5.0,AAQ,Anapa,SVO,Moscow,Arrived,733,Boeing 737-300,4200,130,129,1873800.00
136390,PG0252,2016-12-26T10:05:00Z,2016-12-26T11:45:00Z,2016-12-26T10:06:00Z,2016-12-26T11:47:00Z,100.0,101.0,1.0,2.0,AAQ,Anapa,SVO,Moscow,Arrived,733,Boeing 737-300,4200,130,125,1823800.00
136391,PG0252,2016-12-03T10:05:00Z,2016-12-03T11:45:00Z,2016-12-03T10:08:00Z,2016-12-03T11:48:00Z,100.0,100.0,3.0,3.0,AAQ,Anapa,SVO,Moscow,Arrived,733,Boeing 737-300,4200,130,107,1556600.00
136397,PG0252,2016-12-25T10:05:00Z,2016-12-25T11:45:00Z,2016-12-25T10:06:00Z,2016-12-25T11:47:00Z,100.0,101.0,1.0,2.0,AAQ,Anapa,SVO,Moscow,Arrived,733,Boeing 737-300,4200,130,104,1444400.00
136403,PG0252,2017-02-20T10:05:00Z,2017-02-20T11:45:00Z,2017-02-20T10:06:00Z,2017-02-20T11:46:00Z,100.0,100.0,1.0,1.0,AAQ,Anapa,SVO,Moscow,Arrived,733,Boeing 737-300,4200,130,129,1873800.00
136411,PG0252,2017-02-04T10:05:00Z,2017-02-04T11:45:00Z,2017-02-04T10:06:00Z,2017-02-04T11:46:00Z,100.0,100.0,1.0,1.0,AAQ,Anapa,SVO,Moscow,Arrived,733,Boeing 737-300,4200,130,110,1590800.00
136418,PG0252,2016-12-07T10:05:00Z,2016-12-07T11:45:00Z,2016-12-07T10:07:00Z,2016-12-07T11:47:00Z,100.0,100.0,2.0,2.0,AAQ,Anapa,SVO,Moscow,Arrived,733,Boeing 737-300,4200,130,97,1407800.00
136420,PG0252,2017-01-01T10:05:00Z,2017-01-01T11:45:00Z,2017-01-01T10:09:00Z,2017-01-01T11:47:00Z,100.0,98.0,4.0,2.0,AAQ,Anapa,SVO,Moscow,Arrived,733,Boeing 737-300,4200,130,104,1542000.00
136423,PG0252,2017-01-10T10:05:00Z,2017-01-10T11:45:00Z,2017-01-10T10:12:00Z,2017-01-10T11:52:00Z,100.0,100.0,7.0,7.0,AAQ,Anapa,SVO,Moscow,Arrived,733,Boeing 737-300,4200,130,129,1849400.00
136428,PG0252,2017-01-21T10:05:00Z,2017-01-21T11:45:00Z,2017-01-21T10:08:00Z,2017-01-21T11:47:00Z,100.0,99.0,3.0,2.0,AAQ,Anapa,SVO,Moscow,Arrived,733,Boeing 737-300,4200,130,115,1678600.00
136436,PG0252,2017-01-26T10:05:00Z,2017-01-26T11:45:00Z,2017-01-26T10:08:00Z,2017-01-26T11:47:00Z,100.0,99.0,3.0,2.0,AAQ,Anapa,SVO,Moscow,Arrived,733,Boeing 737-300,4200,130,124,1811600.00
136439,PG0252,2017-02-25T10:05:00Z,2017-02-25T11:45:00Z,2017-02-25T10:08:00Z,2017-02-25T11:48:00Z,100.0,100.0,3.0,3.0,AAQ,Anapa,SVO,Moscow,Arrived,733,Boeing 737-300,4200,130,117,1701800.00
136441,PG0252,2017-02-03T10:05:00Z,2017-02-03T11:45:00Z,2017-02-03T10:07:00Z,2017-02-03T11:47:00Z,100.0,100.0,2.0,2.0,AAQ,Anapa,SVO,Moscow,Arrived,733,Boeing 737-300,4200,130,128,1837200.00
136447,PG0252,2016-12-11T10:05:00Z,2016-12-11T11:45:00Z,2016-12-11T10:07:00Z,2016-12-11T11:47:00Z,100.0,100.0,2.0,2.0,AAQ,Anapa,SVO,Moscow,Arrived,733,Boeing 737-300,4200,130,116,1642000.00
136450,PG0252,2016-12-06T10:05:00Z,2016-12-06T11:45:00Z,2016-12-06T10:06:00Z,2016-12-06T11:48:00Z,100.0,102.0,1.0,3.0,AAQ,Anapa,SVO,Moscow,Arrived,733,Boeing 737-300,4200,130,107,1554200.00
136452,PG0252,2017-02-17T10:05:00Z,2017-02-17T11:45:00Z,2017-02-17T10:08:00Z,2017-02-17T11:48:00Z,100.0,100.0,3.0,3.0,AAQ,Anapa,SVO,Moscow,Arrived,733,Boeing 737-300,4200,130,109,1603000.00
136458,PG0252,2017-01-02T10:05:00Z,2017-01-02T11:45:00Z,2017-01-02T10:07:00Z,2017-01-02T11:46:00Z,100.0,99.0,2.0,1.0,AAQ,Anapa,SVO,Moscow,Arrived,733,Boeing 737-300,4200,130,110,1568800.00
136463,PG0252,2017-01-20T10:05:00Z,2017-01-20T11:45:00Z,2017-01-20T10:06:00Z,2017-01-20T11:45:00Z,100.0,99.0,1.0,0.0,AAQ,Anapa,SVO,Moscow,Arrived,733,Boeing 737-300,4200,130,122,1788400.00
136464,PG0252,2017-01-09T10:05:00Z,2017-01-09T11:45:00Z,2017-01-09T10:07:00Z,2017-01-09T11:47:00Z,100.0,100.0,2.0,2.0,AAQ,Anapa,SVO,Moscow,Arrived,733,Boeing 737-300,4200,130,100,1398000.00
136465,PG0252,2016-12-15T10:05:00Z,2016-12-15T11:45:00Z,2016-12-15T10:05:00Z,2016-12-15T11:47:00Z,100.0,102.0,0.0,2.0,AAQ,Anapa,SVO,Moscow,Arrived,733,Boeing 737-300,4200,130,130,1886000.00
136471,PG0252,2017-01-17T10:05:00Z,2017-01-17T11:45:00Z,2017-01-17T10:11:00Z,2017-01-17T11:51:00Z,100.0,100.0,6.0,6.0,AAQ,Anapa,SVO,Moscow,Arrived,733,Boeing 737-300,4200,130,120,1762800.00
136474,PG0252,2016-12-02T10:05:00Z,2016-12-02T11:45:00Z,2016-12-02T10:06:00Z,2016-12-02T11:44:00Z,100.0,98.0,1.0,-1.0,AAQ,Anapa,SVO,Moscow,Arrived,733,Boeing 737-300,4200,130,130,1886000.00
136479,PG0252,2017-02-21T10:05:00Z,2017-02-21T11:45:00Z,2017-02-21T10:08:00Z,2017-02-21T11:47:00Z,100.0,99.0,3.0,2.0,AAQ,Anapa,SVO,Moscow,Arrived,733,Boeing 737-300,4200,130,122,1738400.00
136485,PG0252,2017-01-27T10:05:00Z,2017-01-27T11:45:00Z,2017-01-27T10:07:00Z,2017-01-27T11:47:00Z,100.0,100.0,2.0,2.0,AAQ,Anapa,SVO,Moscow,Arrived,733,Boeing 737-300,4200,130,106,1520000.00
136486,PG0252,2017-02-02T10:05:00Z,2017-02-02T11:45:00Z,2017-02-02T10:07:00Z,2017-02-02T11:48:00Z,100.0,101.0,2.0,3.0,AAQ,Anapa,SVO,Moscow,Arrived,733,Boeing 737-300,4200,130,107,1505400.00
136491,PG0252,2016-12-08T10:05:00Z,2016-12-08T11:45:00Z,2016-12-08T10:08:00Z,2016-12-08T11:49:00Z,100.0,101.0,3.0,4.0,AAQ,Anapa,SVO,Moscow,Arrived,733,Boeing 737-300,4200,130,103,1505400.00
136492,PG0252,2016-12-23T10:05:00Z,2016-12-23T11:45:00Z,2016-12-23T10:08:00Z,2016-12-23T11:48:00Z,100.0,100.0,3.0,3.0,AAQ,Anapa,SVO,Moscow,Arrived,733,Boeing 737-300,4200,130,118,1690800.00
136511,PG0194,2017-02-21T06:10:00Z,2017-02-21T11:15:00Z,2017-02-21T06:15:00Z,2017-02-21T11:25:00Z,305.0,310.0,5.0,10.0,AAQ,Anapa,NOZ,Novokuznetsk,Arrived,733,Boeing 737-300,4200,130,0,
136513,PG0194,2017-02-28T06:10:00Z,2017-02-28T11:15:00Z,2017-02-28T06:13:00Z,2017-02-28T11:23:00Z,305.0,310.0,3.0,8.0,AAQ,Anapa,NOZ,Novokuznetsk,Arrived,733,Boeing 737-300,4200,130,0,
136514,PG0194,2017-02-07T06:10:00Z,2017-02-07T11:15:00Z,2017-02-07T06:14:00Z,2017-02-07T11:13:00Z,305.0,299.0,4.0,-2.0,AAQ,Anapa,NOZ,Novokuznetsk,Arrived,733,Boeing 737-300,4200,130,0,
136518,PG0194,2016-12-20T06:10:00Z,2016-12-20T11:15:00Z,2016-12-20T06:13:00Z,2016-12-20T11:17:00Z,305.0,304.0,3.0,2.0,AAQ,Anapa,NOZ,Novokuznetsk,Arrived,733,Boeing 737-300,4200,130,0,
136523,PG0194,2017-01-10T06:10:00Z,2017-01-10T11:15:00Z,2017-01-10T06:14:00Z,2017-01-10T11:26:00Z,305.0,312.0,4.0,11.0,AAQ,Anapa,NOZ,Novokuznetsk,Arrived,733,Boeing 737-300,4200,130,0,
136533,PG0194,2016-12-13T06:10:00Z,2016-12-13T11:15:00Z,2016-12-13T06:13:00Z,2016-12-13T11:16:00Z,305.0,303.0,3.0,1.0,AAQ,Anapa,NOZ,Novokuznetsk,Arrived,733,Boeing 737-300,4200,130,0,
136534,PG0194,2016-12-06T06:10:00Z,2016-12-06T11:15:00Z,2016-12-06T06:13:00Z,2016-12-06T11:17:00Z,305.0,304.0,3.0,2.0,AAQ,Anapa,NOZ,Novokuznetsk,Arrived,733,Boeing 737-300,4200,130,0,
136540,PG0194,2017-01-17T06:10:00Z,2017-01-17T11:15:00Z,2017-01-17T06:14:00Z,2017-01-17T11:21:00Z,305.0,307.0,4.0,6.0,AAQ,Anapa,NOZ,Novokuznetsk,Arrived,733,Boeing 737-300,4200,130,0,
136544,PG0194,2017-01-31T06:10:00Z,2017-01-31T11:15:00Z,2017-01-31T06:10:00Z,2017-01-31T11:14:00Z,305.0,304.0,0.0,-1.0,AAQ,Anapa,NOZ,Novokuznetsk,Arrived,733,Boeing 737-300,4200,130,0,
136546,PG0194,2017-01-03T06:10:00Z,2017-01-03T11:15:00Z,2017-01-03T06:13:00Z,2017-01-03T11:15:00Z,305.0,302.0,3.0,0.0,AAQ,Anapa,NOZ,Novokuznetsk,Arrived,733,Boeing 737-300,4200,130,0,
136560,PG0194,2017-01-24T06:10:00Z,2017-01-24T11:15:00Z,2017-01-24T06:13:00Z,2017-01-24T11:18:00Z,305.0,305.0,3.0,3.0,AAQ,Anapa,NOZ,Novokuznetsk,Arrived,733,Boeing 737-300,4200,130,0,
136564,PG0194,2016-12-27T06:10:00Z,2016-12-27T11:15:00Z,2016-12-27T06:16:00Z,2016-12-27T11:21:00Z,305.0,305.0,6.0,6.0,AAQ,Anapa,NOZ,Novokuznetsk,Arrived,733,Boeing 737-300,4200,130,0,
136567,PG0194,2017-02-14T06:10:00Z,2017-02-14T11:15:00Z,2017-02-14T06:12:00Z,2017-02-14T11:23:00Z,305.0,311.0,2.0,8.0,AAQ,Anapa,NOZ,Novokuznetsk,Arrived,733,Boeing 737-300,4200,130,0,
136571,PG0480,2017-01-25T09:25:00Z,2017-01-25T10:15:00Z,2017-01-25T09:28:00Z,2017-01-25T10:18:00Z,50.0,50.0,3.0,3.0,AAQ,Anapa,EGO,Belgorod,Arrived,SU9,Sukhoi Superjet-100,3000,97,95,752700.00
136586,PG0480,2017-01-10T09:25:00Z,2017-01-10T10:15:00Z,2017-01-10T09:28:00Z,2017-01-10T10:18:00Z,50.0,50.0,3.0,3.0,AAQ,Anapa,EGO,Belgorod,Arrived,SU9,Sukhoi Superjet-100,3000,97,96,759000.00
136592,PG0480,2016-12-25T09:25:00Z,2016-12-25T10:15:00Z,2016-12-25T09:28:00Z,2016-12-25T10:18:00Z,50.0,50.0,3.0,3.0,AAQ,Anapa,EGO,Belgorod,Arrived,SU9,Sukhoi Superjet-100,3000,97,89,677100.00
136600,PG0480,2017-02-08T09:25:00Z,2017-02-08T10:15:00Z,2017-02-08T09:26:00Z,2017-02-08T10:16:00Z,50.0,50.0,1.0,1.0,AAQ,Anapa,EGO,Belgorod,Arrived,SU9,Sukhoi Superjet-100,3000,97,97,765300.00
136605,PG0480,2017-02-15T09:25:00Z,2017-02-15T10:15:00Z,2017-02-15T09:28:00Z,2017-02-15T10:19:00Z,50.0,51.0,3.0,4.0,AAQ,Anapa,EGO,Belgorod,Arrived,SU9,Sukhoi Superjet-100,3000,97,97,765300.00
136609,PG0480,2017-01-08T09:25:00Z,2017-01-08T10:15:00Z,2017-01-08T09:28:00Z,2017-01-08T10:18:00Z,50.0,50.0,3.0,3.0,AAQ,Anapa,EGO,Belgorod,Arrived,SU9,Sukhoi Superjet-100,3000,97,81,639300.00
136612,PG0480,2017-02-21T09:25:00Z,2017-02-21T10:15:00Z,2017-02-21T09:27:00Z,2017-02-21T10:17:00Z,50.0,50.0,2.0,2.0,AAQ,Anapa,EGO,Belgorod,Arrived,SU9,Sukhoi Superjet-100,3000,97,94,746400.00
136617,PG0480,2016-12-27T09:25:00Z,2016-12-27T10:15:00Z,2016-12-27T09:26:00Z,2016-12-27T10:16:00Z,50.0,50.0,1.0,1.0,AAQ,Anapa,EGO,Belgorod,Arrived,SU9,Sukhoi Superjet-100,3000,97,97,765300.00
136620,PG0480,2017-02-17T09:25:00Z,2017-02-17T10:15:00Z,2017-02-17T09:30:00Z,2017-02-17T10:19:00Z,50.0,49.0,5.0,4.0,AAQ,Anapa,EGO,Belgorod,Arrived,SU9,Sukhoi Superjet-100,3000,97,79,613500.00
136630,PG0480,2017-02-25T09:25:00Z,2017-02-25T10:15:00Z,2017-02-25T09:32:00Z,2017-02-25T10:22:00Z,50.0,50.0,7.0,7.0,AAQ,Anapa,EGO,Belgorod,Arrived,SU9,Sukhoi Superjet-100,3000,97,94,746400.00
136631,PG0480,2016-12-22T09:25:00Z,2016-12-22T10:15:00Z,2016-12-22T09:26:00Z,2016-12-22T10:16:00Z,50.0,50.0,1.0,1.0,AAQ,Anapa,EGO,Belgorod,Arrived,SU9,Sukhoi Superjet-100,3000,97,90,721200.00
136632,PG0480,2017-01-07T09:25:00Z,2017-01-07T10:15:00Z,2017-01-07T12:42:00Z,2017-01-07T13:33:00Z,50.0,51.0,197.0,198.0,AAQ,Anapa,EGO,Belgorod,Arrived,SU9,Sukhoi Superjet-100,3000,97,91,714300.00
136642,PG0480,2017-01-30T09:25:00Z,2017-01-30T10:15:00Z,2017-01-30T09:28:00Z,2017-01-30T10:17:00Z,50.0,49.0,3.0,2.0,AAQ,Anapa,EGO,Belgorod,Arrived,SU9,Sukhoi Superjet-100,3000,97,64,531000.00
136645,PG0480,2017-01-05T09:25:00Z,2017-01-05T10:15:00Z,2017-01-05T09:29:00Z,2017-01-05T10:20:00Z,50.0,51.0,4.0,5.0,AAQ,Anapa,EGO,Belgorod,Arrived,SU9,Sukhoi Superjet-100,3000,97,82,633000.00
136649,PG0480,2017-01-18T09:25:00Z,2017-01-18T10:15:00Z,2017-01-18T09:25:00Z,2017-01-18T10:15:00Z,50.0,50.0,0.0,0.0,AAQ,Anapa,EGO,Belgorod,Arrived,SU9,Sukhoi Superjet-100,3000,97,96,759000.00
136653,PG0480,2016-12-24T09:25:00Z,2016-12-24T10:15:00Z,2016-12-24T09:27:00Z,2016-12-24T10:17:00Z,50.0,50.0,2.0,2.0,AAQ,Anapa,EGO,Belgorod,Arrived,SU9,Sukhoi Superjet-100,3000,97,89,701700.00
136654,PG0480,2017-01-19T09:25:00Z,2017-01-19T10:15:00Z,2017-01-19T09:28:00Z,2017-01-19T10:17:00Z,50.0,49.0,3.0,2.0,AAQ,Anapa,EGO,Belgorod,Arrived,SU9,Sukhoi Superjet-100,3000,97,96,759000.00
136660,PG0480,2017-02-20T09:25:00Z,2017-02-20T10:15:00Z,2017-02-20T09:26:00Z,2017-02-20T10:15:00Z,50.0,49.0,1.0,0.0,AAQ,Anapa,EGO,Belgorod,Arrived,SU9,Sukhoi Superjet-100,3000,97,87,677100.00
136661,PG0480,2017-01-01T09:25:00Z,2017-01-01T10:15:00Z,2017-01-01T09:27:00Z,2017-01-01T10:17:00Z,50.0,50.0,2.0,2.0,AAQ,Anapa,EGO,Belgorod,Arrived,SU9,Sukhoi Superjet-100,3000,97,96,759000.00
136666,PG0480,2017-02-09T09:25:00Z,2017-02-09T10:15:00Z,2017-02-09T09:26:00Z,2017-02-09T10:16:00Z,50.0,50.0,1.0,1.0,AAQ,Anapa,EGO,Belgorod,Arrived,SU9,Sukhoi Superjet-100,3000,97,87,664500.00
136669,PG0480,2017-01-17T09:25:00Z,2017-01-17T10:15:00Z,2017-01-17T09:26:00Z,2017-01-17T10:17:00Z,50.0,51.0,1.0,2.0,AAQ,Anapa,EGO,Belgorod,Arrived,SU9,Sukhoi Superjet-100,3000,97,95,752700.00
136672,PG0480,2017-02-03T09:25:00Z,2017-02-03T10:15:00Z,2017-02-03T09:28:00Z,2017-02-03T10:18:00Z,50.0,50.0,3.0,3.0,AAQ,Anapa,EGO,Belgorod,Arrived,SU9,Sukhoi Superjet-100,3000,97,96,759000.00
136678,PG0480,2017-01-28T09:25:00Z,2017-01-28T10:15:00Z,2017-01-28T09:27:00Z,2017-01-28T10:17:00Z,50.0,50.0,2.0,2.0,AAQ,Anapa,EGO,Belgorod,Arrived,SU9,Sukhoi Superjet-100,3000,97,80,631200.00
136680,PG0480,2016-12-26T09:25:00Z,2016-12-26T10:15:00Z,2016-12-26T09:34:00Z,2016-12-26T10:24:00Z,50.0,50.0,9.0,9.0,AAQ,Anapa,EGO,Belgorod,Arrived,SU9,Sukhoi Superjet-100,3000,97,92,733800.00
136688,PG0480,2016-12-15T09:25:00Z,2016-12-15T10:15:00Z,2016-12-15T09:30:00Z,2016-12-15T10:20:00Z,50.0,50.0,5.0,5.0,AAQ,Anapa,EGO,Belgorod,Arrived,SU9,Sukhoi Superjet-100,3000,97,89,689700.00
136691,PG0480,2016-12-13T09:25:00Z,2016-12-13T10:15:00Z,2016-12-13T09:25:00Z,2016-12-13T10:14:00Z,50.0,49.0,0.0,-1.0,AAQ,Anapa,EGO,Belgorod,Arrived,SU9,Sukhoi Superjet-100,3000,97,87,689700.00
136698,PG0480,2016-12-01T09:25:00Z,2016-12-01T10:15:00Z,2016-12-01T09:30:00Z,2016-12-01T10:19:00Z,50.0,49.0,5.0,4.0,AAQ,Anapa,EGO,Belgorod,Arrived,SU9,Sukhoi Superjet-100,3000,97,94,746400.00
136702,PG0480,2016-12-23T09:25:00Z,2016-12-23T10:15:00Z,2016-12-23T09:26:00Z,2016-12-23T10:16:00Z,50.0,50.0,1.0,1.0,AAQ,Anapa,EGO,Belgorod,Arrived,SU9,Sukhoi Superjet-100,3000,97,84,670800.00
136706,PG0480,2017-01-06T09:25:00Z,2017-01-06T10:15:00Z,2017-01-06T09:30:00Z,2017-01-06T10:20:00Z,50.0,50.0,5.0,5.0,AAQ,Anapa,EGO,Belgorod,Arrived,SU9,Sukhoi Superjet-100,3000,97,95,740100.00
136709,PG0480,2017-01-15T09:25:00Z,2017-01-15T10:15:00Z,2017-01-15T09:28:00Z,2017-01-15T10:18:00Z,50.0,50.0,3.0,3.0,AAQ,Anapa,EGO,Belgorod,Arrived,SU9,Sukhoi Superjet-100,3000,97,87,689700.00
136720,PG0480,2017-01-26T09:25:00Z,2017-01-26T10:15:00Z,2017-01-26T09:29:00Z,2017-01-26T10:19:00Z,50.0,50.0,4.0,4.0,AAQ,Anapa,EGO,Belgorod,Arrived,SU9,Sukhoi Superjet-100,3000,97,95,752700.00
136725,PG0480,2016-12-19T09:25:00Z,2016-12-19T10:15:00Z,2016-12-19T09:30:00Z,2016-12-19T10:19:00Z,50.0,49.0,5.0,4.0,AAQ,Anapa,EGO,Belgorod,Arrived,SU9,Sukhoi Superjet-100,3000,97,92,696000.00
136729,PG0480,2017-01-29T09:25:00Z,2017-01-29T10:15:00Z,2017-01-29T09:29:00Z,2017-01-29T10:19:00Z,50.0,50.0,4.0,4.0,AAQ,Anapa,EGO,Belgorod,Arrived,SU9,Sukhoi Superjet-100,3000,97,88,695400.00
136733,PG0480,2017-01-09T09:25:00Z,2017-01-09T10:15:00Z,2017-01-09T09:27:00Z,2017-01-09T10:18:00Z,50.0,51.0,2.0,3.0,AAQ,Anapa,EGO,Belgorod,Arrived,SU9,Sukhoi Superjet-100,3000,97,94,746400.00
136738,PG0480,2016-12-20T09:25:00Z,2016-12-20T10:15:00Z,2016-12-20T09:27:00Z,2016-12-20T10:16:00Z,50.0,49.0,2.0,1.0,AAQ,Anapa,EGO,Belgorod,Arrived,SU9,Sukhoi Superjet-100,3000,97,87,689700.00
136742,PG0480,2016-12-18T09:25:00Z,2016-12-18T10:15:00Z,2016-12-18T09:27:00Z,2016-12-18T10:17:00Z,50.0,50.0,2.0,2.0,AAQ,Anapa,EGO,Belgorod,Arrived,SU9,Sukhoi Superjet-100,3000,97,97,765300.00
136754,PG0480,2017-02-06T09:25:00Z,2017-02-06T10:15:00Z,2017-02-06T09:29:00Z,2017-02-06T10:18:00Z,50.0,49.0,4.0,3.0,AAQ,Anapa,EGO,Belgorod,Arrived,SU9,Sukhoi Superjet-100,3000,97,90,721200.00
136755,PG0480,2017-01-21T09:25:00Z,2017-01-21T10:15:00Z,2017-01-21T09:30:00Z,2017-01-21T10:20:00Z,50.0,50.0,5.0,5.0,AAQ,Anapa,EGO,Belgorod,Arrived,SU9,Sukhoi Superjet-100,3000,97,97,765300.00
136757,PG0480,2017-01-27T09:25:00Z,2017-01-27T10:15:00Z,2017-01-27T09:30:00Z,2017-01-27T10:19:00Z,50.0,49.0,5.0,4.0,AAQ,Anapa,EGO,Belgorod,Arrived,SU9,Sukhoi Superjet-100,3000,97,97,765300.00
136758,PG0480,2017-01-12T09:25:00Z,2017-01-12T10:15:00Z,2017-01-12T09:26:00Z,2017-01-12T10:15:00Z,50.0,49.0,1.0,0.0,AAQ,Anapa,EGO,Belgorod,Arrived,SU9,Sukhoi Superjet-100,3000,97,97,765300.00
136767,PG0480,2017-01-23T09:25:00Z,2017-01-23T10:15:00Z,2017-01-23T09:27:00Z,2017-01-23T10:18:00Z,50.0,51.0,2.0,3.0,AAQ,Anapa,EGO,Belgorod,Arrived,SU9,Sukhoi Superjet-100,3000,97,83,651300.00
136768,PG0480,2016-12-08T09:25:00Z,2016-12-08T10:15:00Z,2016-12-08T09:27:00Z,2016-12-08T10:17:00Z,50.0,50.0,2.0,2.0,AAQ,Anapa,EGO,Belgorod,Arrived,SU9,Sukhoi Superjet-100,3000,97,97,765300.00
136769,PG0480,2017-02-10T09:25:00Z,2017-02-10T10:15:00Z,2017-02-10T09:30:00Z,2017-02-10T10:21:00Z,50.0,51.0,5.0,6.0,AAQ,Anapa,EGO,Belgorod,Arrived,SU9,Sukhoi Superjet-100,3000,97,88,696000.00
136771,PG0480,2016-12-17T09:25:00Z,2016-12-17T10:15:00Z,2016-12-17T09:26:00Z,2016-12-17T10:15:00Z,50.0,49.0,1.0,0.0,AAQ,Anapa,EGO,Belgorod,Arrived,SU9,Sukhoi Superjet-100,3000,97,82,657000.00
136774,PG0480,2016-12-02T09:25:00Z,2016-12-02T10:15:00Z,2016-12-02T09:27:00Z,2016-12-02T10:17:00Z,50.0,50.0,2.0,2.0,AAQ,Anapa,EGO,Belgorod,Arrived,SU9,Sukhoi Superjet-100,3000,97,93,740100.00
136778,PG0480,2017-02-22T09:25:00Z,2017-02-22T10:15:00Z,2017-02-22T09:26:00Z,2017-02-22T10:16:00Z,50.0,50.0,1.0,1.0,AAQ,Anapa,EGO,Belgorod,Arrived,SU9,Sukhoi Superjet-100,3000,97,96,759000.00
136780,PG0480,2017-02-24T09:25:00Z,2017-02-24T10:15:00Z,2017-02-24T09:30:00Z,2017-02-24T10:20:00Z,50.0,50.0,5.0,5.0,AAQ,Anapa,EGO,Belgorod,Arrived,SU9,Sukhoi Superjet-100,3000,97,89,714900.00
136781,PG0480,2017-01-14T09:25:00Z,2017-01-14T10:15:00Z,2017-01-14T09:26:00Z,2017-01-14T10:16:00Z,50.0,50.0,1.0,1.0,AAQ,Anapa,EGO,Belgorod,Arrived,SU9,Sukhoi Superjet-100,3000,97,97,765300.00
136785,PG0480,2016-12-29T09:25:00Z,2016-12-29T10:15:00Z,2016-12-29T09:28:00Z,2016-12-29T10:19:00Z,50.0,51.0,3.0,4.0,AAQ,Anapa,EGO,Belgorod,Arrived,SU9,Sukhoi Superjet-100,3000,97,97,765300.00
136793,PG0480,2016-12-06T09:25:00Z,2016-12-06T10:15:00Z,2016-12-06T09:31:00Z,2016-12-06T10:21:00Z,50.0,50.0,6.0,6.0,AAQ,Anapa,EGO,Belgorod,Arrived,SU9,Sukhoi Superjet-100,3000,97,97,765300.00
136800,PG0480,2016-12-09T09:25:00Z,2016-12-09T10:15:00Z,2016-12-09T09:27:00Z,2016-12-09T10:18:00Z,50.0,51.0,2.0,3.0,AAQ,Anapa,EGO,Belgorod,Arrived,SU9,Sukhoi Superjet-100,3000,97,82,645000.00
136801,PG0480,2016-12-30T09:25:00Z,2016-12-30T10:15:00Z,2016-12-30T09:28:00Z,2016-12-30T10:18:00Z,50.0,50.0,3.0,3.0,AAQ,Anapa,EGO,Belgorod,Arrived,SU9,Sukhoi Superjet-100,3000,97,97,765300.00
136802,PG0480,2017-02-26T09:25:00Z,2017-02-26T10:15:00Z,2017-02-26T09:32:00Z,2017-02-26T10:22:00Z,50.0,50.0,7.0,7.0,AAQ,Anapa,EGO,Belgorod,Arrived,SU9,Sukhoi Superjet-100,3000,97,96,746400.00
136805,PG0480,2016-12-07T09:25:00Z,2016-12-07T10:15:00Z,2016-12-07T09:28:00Z,2016-12-07T10:18:00Z,50.0,50.0,3.0,3.0,AAQ,Anapa,EGO,Belgorod,Arrived,SU9,Sukhoi Superjet-100,3000,97,96,746400.00
136807,PG0480,2017-02-23T09:25:00Z,2017-02-23T10:15:00Z,2017-02-23T09:28:00Z,2017-02-23T10:18:00Z,50.0,50.0,3.0,3.0,AAQ,Anapa,EGO,Belgorod,Arrived,SU9,Sukhoi Superjet-100,3000,97,68,531000.00
136815,PG0480,2017-02-19T09:25:00Z,2017-02-19T10:15:00Z,2017-02-19T09:26:00Z,2017-02-19T10:17:00Z,50.0,51.0,1.0,2.0,AAQ,Anapa,EGO,Belgorod,Arrived,SU9,Sukhoi Superjet-100,3000,97,97,765300.00
136819,PG0480,2017-01-04T09:25:00Z,2017-01-04T10:15:00Z,2017-01-04T09:29:00Z,2017-01-04T10:19:00Z,50.0,50.0,4.0,4.0,AAQ,Anapa,EGO,Belgorod,Arrived,SU9,Sukhoi Superjet-100,3000,97,96,759000.00
136823,PG0480,2017-02-05T09:25:00Z,2017-02-05T10:15:00Z,2017-02-05T09:27:00Z,2017-02-05T10:18:00Z,50.0,51.0,2.0,3.0,AAQ,Anapa,EGO,Belgorod,Arrived,SU9,Sukhoi Superjet-100,3000,97,78,620400.00
136827,PG0480,2017-02-18T09:25:00Z,2017-02-18T10:15:00Z,2017-02-18T09:26:00Z,2017-02-18T10:17:00Z,50.0,51.0,1.0,2.0,AAQ,Anapa,EGO,Belgorod,Arrived,SU9,Sukhoi Superjet-100,3000,97,97,765300.00
136838,PG0480,2017-01-24T09:25:00Z,2017-01-24T10:15:00Z,2017-01-24T09:30:00Z,2017-01-24T10:21:00Z,50.0,51.0,5.0,6.0,AAQ,Anapa,EGO,Belgorod,Arrived,SU9,Sukhoi Superjet-100,3000,97,86,670200.00
136841,PG0480,2017-02-07T09:25:00Z,2017-02-07T10:15:00Z,2017-02-07T09:25:00Z,2017-02-07T10:16:00Z,50.0,51.0,0.0,1.0,AAQ,Anapa,EGO,Belgorod,Arrived,SU9,Sukhoi Superjet-100,3000,97,97,765300.00
136843,PG0480,2016-12-04T09:25:00Z,2016-12-04T10:15:00Z,2016-12-04T09:30:00Z,2016-12-04T10:20:00Z,50.0,50.0,5.0,5.0,AAQ,Anapa,EGO,Belgorod,Arrived,SU9,Sukhoi Superjet-100,3000,97,78,632400.00
136844,PG0480,2017-02-28T09:25:00Z,2017-02-28T10:15:00Z,2017-02-28T09:26:00Z,2017-02-28T10:16:00Z,50.0,50.0,1.0,1.0,AAQ,Anapa,EGO,Belgorod,Arrived,SU9,Sukhoi Superjet-100,3000,97,79,575100.00
136855,PG0480,2017-01-11T09:25:00Z,2017-01-11T10:15:00Z,2017-01-11T12:07:00Z,2017-01-11T12:57:00Z,50.0,50.0,162.0,162.0,AAQ,Anapa,EGO,Belgorod,Arrived,SU9,Sukhoi Superjet-100,3000,97,87,702300.00
136857,PG0480,2017-02-13T09:25:00Z,2017-02-13T10:15:00Z,2017-02-13T09:31:00Z,2017-02-13T10:21:00Z,50.0,50.0,6.0,6.0,AAQ,Anapa,EGO,Belgorod,Arrived,SU9,Sukhoi Superjet-100,3000,97,97,765300.00
136861,PG0480,2017-02-12T09:25:00Z,2017-02-12T10:15:00Z,2017-02-12T09:28:00Z,2017-02-12T10:17:00Z,50.0,49.0,3.0,2.0,AAQ,Anapa,EGO,Belgorod,Arrived,SU9,Sukhoi Superjet-100,3000,97,87,689100.00
136865,PG0480,2016-12-11T09:25:00Z,2016-12-11T10:15:00Z,2016-12-11T09:29:00Z,2016-12-11T10:19:00Z,50.0,50.0,4.0,4.0,AAQ,Anapa,EGO,Belgorod,Arrived,SU9,Sukhoi Superjet-100,3000,97,88,695400.00
136866,PG0480,2016-12-28T09:25:00Z,2016-12-28T10:15:00Z,2016-12-28T09:28:00Z,2016-12-28T10:18:00Z,50.0,50.0,3.0,3.0,AAQ,Anapa,EGO,Belgorod,Arrived,SU9,Sukhoi Superjet-100,3000,97,94,733800.00
136869,PG0480,2017-01-31T09:25:00Z,2017-01-31T10:15:00Z,2017-01-31T09:26:00Z,2017-01-31T10:16:00Z,50.0,50.0,1.0,1.0,AAQ,Anapa,EGO,Belgorod,Arrived,SU9,Sukhoi Superjet-100,3000,97,97,765300.00
136871,PG0480,2017-01-13T09:25:00Z,2017-01-13T10:15:00Z,2017-01-13T09:28:00Z,2017-01-13T10:18:00Z,50.0,50.0,3.0,3.0,AAQ,Anapa,EGO,Belgorod,Arrived,SU9,Sukhoi Superjet-100,3000,97,97,765300.00
136872,PG0480,2016-12-14T09:25:00Z,2016-12-14T10:15:00Z,2016-12-14T09:26:00Z,2016-12-14T10:16:00Z,50.0,50.0,1.0,1.0,AAQ,Anapa,EGO,Belgorod,Arrived,SU9,Sukhoi Superjet-100,3000,97,97,765300.00
136873,PG0480,2016-12-03T09:25:00Z,2016-12-03T10:15:00Z,2016-12-03T09:26:00Z,2016-12-03T10:17:00Z,50.0,51.0,1.0,2.0,AAQ,Anapa,EGO,Belgorod,Arrived,SU9,Sukhoi Superjet-100,3000,97,96,759000.00
136875,PG0480,2017-02-16T09:25:00Z,2017-02-16T10:15:00Z,2017-02-16T09:29:00Z,2017-02-16T10:19:00Z,50.0,50.0,4.0,4.0,AAQ,Anapa,EGO,Belgorod,Arrived,SU9,Sukhoi Superjet-100,3000,97,97,765300.00
136886,PG0480,2016-12-16T09:25:00Z,2016-12-16T10:15:00Z,2016-12-16T09:26:00Z,2016-12-16T10:16:00Z,50.0,50.0,1.0,1.0,AAQ,Anapa,EGO,Belgorod,Arrived,SU9,Sukhoi Superjet-100,3000,97,90,721200.00
136887,PG0480,2017-01-20T09:25:00Z,2017-01-20T10:15:00Z,2017-01-20T09:30:00Z,2017-01-20T10:19:00Z,50.0,49.0,5.0,4.0,AAQ,Anapa,EGO,Belgorod,Arrived,SU9,Sukhoi Superjet-100,3000,97,78,595200.00
136888,PG0480,2017-02-14T09:25:00Z,2017-02-14T10:15:00Z,2017-02-14T09:29:00Z,2017-02-14T10:19:00Z,50.0,50.0,4.0,4.0,AAQ,Anapa,EGO,Belgorod,Arrived,SU9,Sukhoi Superjet-100,3000,97,79,626100.00
136900,PG0480,2017-02-01T09:25:00Z,2017-02-01T10:15:00Z,2017-02-01T09:30:00Z,2017-02-01T10:21:00Z,50.0,51.0,5.0,6.0,AAQ,Anapa,EGO,Belgorod,Arrived,SU9,Sukhoi Superjet-100,3000,97,97,765300.00
136907,PG0480,2017-01-16T09:25:00Z,2017-01-16T10:15:00Z,2017-01-16T09:31:00Z,2017-01-16T10:22:00Z,50.0,51.0,6.0,7.0,AAQ,Anapa,EGO,Belgorod,Arrived,SU9,Sukhoi Superjet-100,3000,97,96,759000.00
136911,PG0480,2016-12-12T09:25:00Z,2016-12-12T10:15:00Z,2016-12-12T13:05:00Z,2016-12-12T13:55:00Z,50.0,50.0,220.0,220.0,AAQ,Anapa,EGO,Belgorod,Arrived,SU9,Sukhoi Superjet-100,3000,97,87,676500.00
136913,PG0480,2016-12-10T09:25:00Z,2016-12-10T10:15:00Z,2016-12-10T09:30:00Z,2016-12-10T10:19:00Z,50.0,49.0,5.0,4.0,AAQ,Anapa,EGO,Belgorod,Arrived,SU9,Sukhoi Superjet-100,3000,97,90,695400.00
136922,PG0480,2017-02-11T09:25:00Z,2017-02-11T10:15:00Z,2017-02-11T09:27:00Z,2017-02-11T10:17:00Z,50.0,50.0,2.0,2.0,AAQ,Anapa,EGO,Belgorod,Arrived,SU9,Sukhoi Superjet-100,3000,97,76,607800.00
136927,PG0480,2017-01-22T09:25:00Z,2017-01-22T10:15:00Z,2017-01-22T09:28:00Z,2017-01-22T10:19:00Z,50.0,51.0,3.0,4.0,AAQ,Anapa,EGO,Belgorod,Arrived,SU9,Sukhoi Superjet-100,3000,97,97,765300.00
136929,PG0480,2016-12-31T09:25:00Z,2016-12-31T10:15:00Z,2016-12-31T09:25:00Z,2016-12-31T10:15:00Z,50.0,50.0,0.0,0.0,AAQ,Anapa,EGO,Belgorod,Arrived,SU9,Sukhoi Superjet-100,3000,97,82,631800.00
136936,PG0480,2017-01-02T09:25:00Z,2017-01-02T10:15:00Z,2017-01-02T09:28:00Z,2017-01-02T10:18:00Z,50.0,50.0,3.0,3.0,AAQ,Anapa,EGO,Belgorod,Arrived,SU9,Sukhoi Superjet-100,3000,97,82,632400.00
136937,PG0480,2017-01-03T09:25:00Z,2017-01-03T10:15:00Z,2017-01-03T09:29:00Z,2017-01-03T10:19:00Z,50.0,50.0,4.0,4.0,AAQ,Anapa,EGO,Belgorod,Arrived,SU9,Sukhoi Superjet-100,3000,97,81,626100.00
136943,PG0480,2016-12-05T09:25:00Z,2016-12-05T10:15:00Z,2016-12-05T09:28:00Z,2016-12-05T10:18:00Z,50.0,50.0,3.0,3.0,AAQ,Anapa,EGO,Belgorod,Arrived,SU9,Sukhoi Superjet-100,3000,97,94,733800.00
136951,PG0480,2017-02-02T09:25:00Z,2017-02-02T10:15:00Z,2017-02-02T09:28:00Z,2017-02-02T10:17:00Z,50.0,49.0,3.0,2.0,AAQ,Anapa,EGO,Belgorod,Arrived,SU9,Sukhoi Superjet-100,3000,97,90,720600.00
136953,PG0480,2017-02-27T09:25:00Z,2017-02-27T10:15:00Z,2017-02-27T09:27:00Z,2017-02-27T10:17:00Z,50.0,50.0,2.0,2.0,AAQ,Anapa,EGO,Belgorod,Arrived,SU9,Sukhoi Superjet-100,3000,97,97,765300.00
136956,PG0480,2017-02-04T09:25:00Z,2017-02-04T10:15:00Z,2017-02-04T09:33:00Z,2017-02-04T10:23:00Z,50.0,50.0,8.0,8.0,AAQ,Anapa,EGO,Belgorod,Arrived,SU9,Sukhoi Superjet-100,3000,97,96,746400.00
136961,PG0480,2016-12-21T09:25:00Z,2016-12-21T10:15:00Z,2016-12-21T09:27:00Z,2016-12-21T10:16:00Z,50.0,49.0,2.0,1.0,AAQ,Anapa,EGO,Belgorod,Arrived,SU9,Sukhoi Superjet-100,3000,97,96,759000.00
181042,PG0195,2017-02-06T08:15:00Z,2017-02-06T13:20:00Z,2017-02-06T08:16:00Z,2017-02-06T13:16:00Z,305.0,300.0,1.0,-4.0,NOZ,Novokuznetsk,AAQ,Anapa,Arrived,733,Boeing 737-300,4200,130,0,
181060,PG0195,2017-01-16T08:15:00Z,2017-01-16T13:20:00Z,2017-01-16T08:21:00Z,2017-01-16T13:25:00Z,305.0,304.0,6.0,5.0,NOZ,Novokuznetsk,AAQ,Anapa,Arrived,733,Boeing 737-300,4200,130,0,
181065,PG0195,2017-01-23T08:15:00Z,2017-01-23T13:20:00Z,2017-01-23T08:18:00Z,2017-01-23T13:17:00Z,305.0,299.0,3.0,-3.0,NOZ,Novokuznetsk,AAQ,Anapa,Arrived,733,Boeing 737-300,4200,130,0,
181068,PG0195,2017-02-20T08:15:00Z,2017-02-20T13:20:00Z,2017-02-20T08:17:00Z,2017-02-20T13:21:00Z,305.0,304.0,2.0,1.0,NOZ,Novokuznetsk,AAQ,Anapa,Arrived,733,Boeing 737-300,4200,130,0,
181073,PG0195,2017-01-30T08:15:00Z,2017-01-30T13:20:00Z,2017-01-30T08:19:00Z,2017-01-30T13:27:00Z,305.0,308.0,4.0,7.0,NOZ,Novokuznetsk,AAQ,Anapa,Arrived,733,Boeing 737-300,4200,130,0,
181074,PG0195,2016-12-05T08:15:00Z,2016-12-05T13:20:00Z,2016-12-05T08:20:00Z,2016-12-05T13:24:00Z,305.0,304.0,5.0,4.0,NOZ,Novokuznetsk,AAQ,Anapa,Arrived,733,Boeing 737-300,4200,130,0,
181076,PG0195,2017-01-09T08:15:00Z,2017-01-09T13:20:00Z,2017-01-09T08:17:00Z,2017-01-09T13:21:00Z,305.0,304.0,2.0,1.0,NOZ,Novokuznetsk,AAQ,Anapa,Arrived,733,Boeing 737-300,4200,130,0,
181080,PG0195,2016-12-19T08:15:00Z,2016-12-19T13:20:00Z,2016-12-19T11:44:00Z,2016-12-19T16:45:00Z,305.0,301.0,209.0,205.0,NOZ,Novokuznetsk,AAQ,Anapa,Arrived,733,Boeing 737-300,4200,130,0,
181081,PG0195,2017-01-02T08:15:00Z,2017-01-02T13:20:00Z,2017-01-02T08:18:00Z,2017-01-02T13:17:00Z,305.0,299.0,3.0,-3.0,NOZ,Novokuznetsk,AAQ,Anapa,Arrived,733,Boeing 737-300,4200,130,0,
181082,PG0195,2017-02-13T08:15:00Z,2017-02-13T13:20:00Z,2017-02-13T08:20:00Z,2017-02-13T13:28:00Z,305.0,308.0,5.0,8.0,NOZ,Novokuznetsk,AAQ,Anapa,Arrived,733,Boeing 737-300,4200,130,0,
181086,PG0195,2016-12-26T08:15:00Z,2016-12-26T13:20:00Z,2016-12-26T08:20:00Z,2016-12-26T13:23:00Z,305.0,303.0,5.0,3.0,NOZ,Novokuznetsk,AAQ,Anapa,Arrived,733,Boeing 737-300,4200,130,0,
181093,PG0195,2016-12-12T08:15:00Z,2016-12-12T13:20:00Z,2016-12-12T08:19:00Z,2016-12-12T13:22:00Z,305.0,303.0,4.0,2.0,NOZ,Novokuznetsk,AAQ,Anapa,Arrived,733,Boeing 737-300,4200,130,0,
181095,PG0195,2017-02-27T08:15:00Z,2017-02-27T13:20:00Z,2017-02-27T08:18:00Z,2017-02-27T13:22:00Z,305.0,304.0,3.0,2.0,NOZ,Novokuznetsk,AAQ,Anapa,Arrived,733,Boeing 737-300,4200,130,0,
202538,PG0481,2017-02-23T10:00:00Z,2017-02-23T10:50:00Z,2017-02-23T10:01:00Z,2017-02-23T10:51:00Z,50.0,50.0,1.0,1.0,EGO,Belgorod,AAQ,Anapa,Arrived,SU9,Sukhoi Superjet-100,3000,97,96,759000.00
202539,PG0481,2016-12-30T10:00:00Z,2016-12-30T10:50:00Z,2016-12-30T13:01:00Z,2016-12-30T13:51:00Z,50.0,50.0,181.0,181.0,EGO,Belgorod,AAQ,Anapa,Arrived,SU9,Sukhoi Superjet-100,3000,97,96,759000.00
202542,PG0481,2017-02-01T10:00:00Z,2017-02-01T10:50:00Z,2017-02-01T10:05:00Z,2017-02-01T10:54:00Z,50.0,49.0,5.0,4.0,EGO,Belgorod,AAQ,Anapa,Arrived,SU9,Sukhoi Superjet-100,3000,97,96,758400.00
202543,PG0481,2017-02-06T10:00:00Z,2017-02-06T10:50:00Z,2017-02-06T10:03:00Z,2017-02-06T10:53:00Z,50.0,50.0,3.0,3.0,EGO,Belgorod,AAQ,Anapa,Arrived,SU9,Sukhoi Superjet-100,3000,97,91,727500.00
202545,PG0481,2017-02-26T10:00:00Z,2017-02-26T10:50:00Z,2017-02-26T10:05:00Z,2017-02-26T10:55:00Z,50.0,50.0,5.0,5.0,EGO,Belgorod,AAQ,Anapa,Arrived,SU9,Sukhoi Superjet-100,3000,97,94,746400.00
202546,PG0481,2017-02-20T10:00:00Z,2017-02-20T10:50:00Z,2017-02-20T10:02:00Z,2017-02-20T10:53:00Z,50.0,51.0,2.0,3.0,EGO,Belgorod,AAQ,Anapa,Arrived,SU9,Sukhoi Superjet-100,3000,97,84,670200.00
202551,PG0481,2017-02-27T10:00:00Z,2017-02-27T10:50:00Z,2017-02-27T10:02:00Z,2017-02-27T10:53:00Z,50.0,51.0,2.0,3.0,EGO,Belgorod,AAQ,Anapa,Arrived,SU9,Sukhoi Superjet-100,3000,97,95,752700.00
202552,PG0481,2017-02-09T10:00:00Z,2017-02-09T10:50:00Z,2017-02-09T10:04:00Z,2017-02-09T10:53:00Z,50.0,49.0,4.0,3.0,EGO,Belgorod,AAQ,Anapa,Arrived,SU9,Sukhoi Superjet-100,3000,97,93,726900.00
202558,PG0481,2017-01-12T10:00:00Z,2017-01-12T10:50:00Z,2017-01-12T10:03:00Z,2017-01-12T10:53:00Z,50.0,50.0,3.0,3.0,EGO,Belgorod,AAQ,Anapa,Arrived,SU9,Sukhoi Superjet-100,3000,97,94,721200.00
202565,PG0481,2017-01-29T10:00:00Z,2017-01-29T10:50:00Z,2017-01-29T10:02:00Z,2017-01-29T10:53:00Z,50.0,51.0,2.0,3.0,EGO,Belgorod,AAQ,Anapa,Arrived,SU9,Sukhoi Superjet-100,3000,97,92,720600.00
202569,PG0481,2017-01-28T10:00:00Z,2017-01-28T10:50:00Z,2017-01-28T10:01:00Z,2017-01-28T10:51:00Z,50.0,50.0,1.0,1.0,EGO,Belgorod,AAQ,Anapa,Arrived,SU9,Sukhoi Superjet-100,3000,97,93,740100.00
202572,PG0481,2016-12-12T10:00:00Z,2016-12-12T10:50:00Z,2016-12-12T10:04:00Z,2016-12-12T10:54:00Z,50.0,50.0,4.0,4.0,EGO,Belgorod,AAQ,Anapa,Arrived,SU9,Sukhoi Superjet-100,3000,97,94,746400.00
202585,PG0481,2016-12-15T10:00:00Z,2016-12-15T10:50:00Z,2016-12-15T12:36:00Z,2016-12-15T13:25:00Z,50.0,49.0,156.0,155.0,EGO,Belgorod,AAQ,Anapa,Arrived,SU9,Sukhoi Superjet-100,3000,97,93,727500.00
202593,PG0481,2017-01-03T10:00:00Z,2017-01-03T10:50:00Z,2017-01-03T10:01:00Z,2017-01-03T10:51:00Z,50.0,50.0,1.0,1.0,EGO,Belgorod,AAQ,Anapa,Arrived,SU9,Sukhoi Superjet-100,3000,97,94,746400.00
202595,PG0481,2016-12-09T10:00:00Z,2016-12-09T10:50:00Z,2016-12-09T10:05:00Z,2016-12-09T10:54:00Z,50.0,49.0,5.0,4.0,EGO,Belgorod,AAQ,Anapa,Arrived,SU9,Sukhoi Superjet-100,3000,97,96,758400.00
202596,PG0481,2017-02-02T10:00:00Z,2017-02-02T10:50:00Z,2017-02-02T10:00:00Z,2017-02-02T10:49:00Z,50.0,49.0,0.0,-1.0,EGO,Belgorod,AAQ,Anapa,Arrived,SU9,Sukhoi Superjet-100,3000,97,85,663900.00
202597,PG0481,2016-12-05T10:00:00Z,2016-12-05T10:50:00Z,2016-12-05T10:02:00Z,2016-12-05T10:51:00Z,50.0,49.0,2.0,1.0,EGO,Belgorod,AAQ,Anapa,Arrived,SU9,Sukhoi Superjet-100,3000,97,93,714900.00
202599,PG0481,2016-12-22T10:00:00Z,2016-12-22T10:50:00Z,2016-12-22T10:03:00Z,2016-12-22T10:53:00Z,50.0,50.0,3.0,3.0,EGO,Belgorod,AAQ,Anapa,Arrived,SU9,Sukhoi Superjet-100,3000,97,89,714900.00
202601,PG0481,2017-02-22T10:00:00Z,2017-02-22T10:50:00Z,2017-02-22T10:01:00Z,2017-02-22T10:52:00Z,50.0,51.0,1.0,2.0,EGO,Belgorod,AAQ,Anapa,Arrived,SU9,Sukhoi Superjet-100,3000,97,92,733200.00
202606,PG0481,2017-01-17T10:00:00Z,2017-01-17T10:50:00Z,2017-01-17T10:00:00Z,2017-01-17T10:49:00Z,50.0,49.0,0.0,-1.0,EGO,Belgorod,AAQ,Anapa,Arrived,SU9,Sukhoi Superjet-100,3000,97,93,727500.00
202618,PG0481,2017-02-16T10:00:00Z,2017-02-16T10:50:00Z,2017-02-16T10:02:00Z,2017-02-16T10:52:00Z,50.0,50.0,2.0,2.0,EGO,Belgorod,AAQ,Anapa,Arrived,SU9,Sukhoi Superjet-100,3000,97,97,765300.00
202627,PG0481,2017-02-14T10:00:00Z,2017-02-14T10:50:00Z,2017-02-14T10:05:00Z,2017-02-14T10:56:00Z,50.0,51.0,5.0,6.0,EGO,Belgorod,AAQ,Anapa,Arrived,SU9,Sukhoi Superjet-100,3000,97,95,752700.00
202628,PG0481,2017-02-04T10:00:00Z,2017-02-04T10:50:00Z,2017-02-04T10:03:00Z,2017-02-04T10:52:00Z,50.0,49.0,3.0,2.0,EGO,Belgorod,AAQ,Anapa,Arrived,SU9,Sukhoi Superjet-100,3000,97,95,727500.00
202629,PG0481,2017-02-12T10:00:00Z,2017-02-12T10:50:00Z,2017-02-12T10:02:00Z,2017-02-12T10:52:00Z,50.0,50.0,2.0,2.0,EGO,Belgorod,AAQ,Anapa,Arrived,SU9,Sukhoi Superjet-100,3000,97,94,746400.00
202637,PG0481,2017-01-11T10:00:00Z,2017-01-11T10:50:00Z,2017-01-11T10:00:00Z,2017-01-11T10:51:00Z,50.0,51.0,0.0,1.0,EGO,Belgorod,AAQ,Anapa,Arrived,SU9,Sukhoi Superjet-100,3000,97,94,746400.00
202640,PG0481,2017-01-08T10:00:00Z,2017-01-08T10:50:00Z,2017-01-08T10:06:00Z,2017-01-08T10:55:00Z,50.0,49.0,6.0,5.0,EGO,Belgorod,AAQ,Anapa,Arrived,SU9,Sukhoi Superjet-100,3000,97,85,676500.00
202645,PG0481,2016-12-18T10:00:00Z,2016-12-18T10:50:00Z,2016-12-18T10:02:00Z,2016-12-18T10:52:00Z,50.0,50.0,2.0,2.0,EGO,Belgorod,AAQ,Anapa,Arrived,SU9,Sukhoi Superjet-100,3000,97,95,752700.00
202649,PG0481,2017-01-30T10:00:00Z,2017-01-30T10:50:00Z,2017-01-30T10:02:00Z,2017-01-30T10:51:00Z,50.0,49.0,2.0,1.0,EGO,Belgorod,AAQ,Anapa,Arrived,SU9,Sukhoi Superjet-100,3000,97,93,740100.00
202653,PG0481,2016-12-29T10:00:00Z,2016-12-29T10:50:00Z,2016-12-29T10:02:00Z,2016-12-29T10:51:00Z,50.0,49.0,2.0,1.0,EGO,Belgorod,AAQ,Anapa,Arrived,SU9,Sukhoi Superjet-100,3000,97,95,752700.00
202661,PG0481,2016-12-26T10:00:00Z,2016-12-26T10:50:00Z,2016-12-26T10:03:00Z,2016-12-26T10:53:00Z,50.0,50.0,3.0,3.0,EGO,Belgorod,AAQ,Anapa,Arrived,SU9,Sukhoi Superjet-100,3000,97,90,708000.00
202666,PG0481,2017-01-27T10:00:00Z,2017-01-27T10:50:00Z,2017-01-27T10:03:00Z,2017-01-27T10:54:00Z,50.0,51.0,3.0,4.0,EGO,Belgorod,AAQ,Anapa,Arrived,SU9,Sukhoi Superjet-100,3000,97,86,670800.00
202668,PG0481,2017-02-10T10:00:00Z,2017-02-10T10:50:00Z,2017-02-10T10:05:00Z,2017-02-10T10:55:00Z,50.0,50.0,5.0,5.0,EGO,Belgorod,AAQ,Anapa,Arrived,SU9,Sukhoi Superjet-100,3000,97,88,683400.00
202678,PG0481,2016-12-24T10:00:00Z,2016-12-24T10:50:00Z,2016-12-24T10:03:00Z,2016-12-24T10:53:00Z,50.0,50.0,3.0,3.0,EGO,Belgorod,AAQ,Anapa,Arrived,SU9,Sukhoi Superjet-100,3000,97,90,720000.00
202679,PG0481,2017-02-28T10:00:00Z,2017-02-28T10:50:00Z,2017-02-28T10:02:00Z,2017-02-28T10:53:00Z,50.0,51.0,2.0,3.0,EGO,Belgorod,AAQ,Anapa,Arrived,SU9,Sukhoi Superjet-100,3000,97,91,702300.00
202682,PG0481,2017-02-05T10:00:00Z,2017-02-05T10:50:00Z,2017-02-05T10:03:00Z,2017-02-05T10:53:00Z,50.0,50.0,3.0,3.0,EGO,Belgorod,AAQ,Anapa,Arrived,SU9,Sukhoi Superjet-100,3000,97,87,689700.00
202687,PG0481,2017-01-18T10:00:00Z,2017-01-18T10:50:00Z,2017-01-18T10:04:00Z,2017-01-18T10:55:00Z,50.0,51.0,4.0,5.0,EGO,Belgorod,AAQ,Anapa,Arrived,SU9,Sukhoi Superjet-100,3000,97,93,740100.00
202688,PG0481,2016-12-07T10:00:00Z,2016-12-07T10:50:00Z,2016-12-07T10:04:00Z,2016-12-07T10:53:00Z,50.0,49.0,4.0,3.0,EGO,Belgorod,AAQ,Anapa,Arrived,SU9,Sukhoi Superjet-100,3000,97,93,740100.00
202692,PG0481,2017-01-04T10:00:00Z,2017-01-04T10:50:00Z,2017-01-04T10:04:00Z,2017-01-04T10:54:00Z,50.0,50.0,4.0,4.0,EGO,Belgorod,AAQ,Anapa,Arrived,SU9,Sukhoi Superjet-100,3000,97,94,733800.00
202695,PG0481,2017-02-17T10:00:00Z,2017-02-17T10:50:00Z,2017-02-17T10:02:00Z,2017-02-17T10:53:00Z,50.0,51.0,2.0,3.0,EGO,Belgorod,AAQ,Anapa,Arrived,SU9,Sukhoi Superjet-100,3000,97,92,733800.00
202700,PG0481,2016-12-13T10:00:00Z,2016-12-13T10:50:00Z,2016-12-13T13:45:00Z,2016-12-13T14:35:00Z,50.0,50.0,225.0,225.0,EGO,Belgorod,AAQ,Anapa,Arrived,SU9,Sukhoi Superjet-100,3000,97,88,695400.00
202701,PG0481,2017-01-23T10:00:00Z,2017-01-23T10:50:00Z,2017-01-23T10:03:00Z,2017-01-23T10:52:00Z,50.0,49.0,3.0,2.0,EGO,Belgorod,AAQ,Anapa,Arrived,SU9,Sukhoi Superjet-100,3000,97,96,759000.00
202707,PG0481,2017-02-03T10:00:00Z,2017-02-03T10:50:00Z,2017-02-03T10:03:00Z,2017-02-03T10:53:00Z,50.0,50.0,3.0,3.0,EGO,Belgorod,AAQ,Anapa,Arrived,SU9,Sukhoi Superjet-100,3000,97,93,740100.00
202711,PG0481,2017-02-25T10:00:00Z,2017-02-25T10:50:00Z,2017-02-25T10:07:00Z,2017-02-25T10:57:00Z,50.0,50.0,7.0,7.0,EGO,Belgorod,AAQ,Anapa,Arrived,SU9,Sukhoi Superjet-100,3000,97,91,714300.00
202716,PG0481,2016-12-27T10:00:00Z,2016-12-27T10:50:00Z,2016-12-27T10:01:00Z,2016-12-27T10:51:00Z,50.0,50.0,1.0,1.0,EGO,Belgorod,AAQ,Anapa,Arrived,SU9,Sukhoi Superjet-100,3000,97,92,733200.00
202726,PG0481,2016-12-14T10:00:00Z,2016-12-14T10:50:00Z,2016-12-14T10:02:00Z,2016-12-14T10:52:00Z,50.0,50.0,2.0,2.0,EGO,Belgorod,AAQ,Anapa,Arrived,SU9,Sukhoi Superjet-100,3000,97,87,701100.00
202731,PG0481,2017-02-21T10:00:00Z,2017-02-21T10:50:00Z,2017-02-21T10:03:00Z,2017-02-21T10:53:00Z,50.0,50.0,3.0,3.0,EGO,Belgorod,AAQ,Anapa,Arrived,SU9,Sukhoi Superjet-100,3000,97,91,727500.00
202736,PG0481,2016-12-23T10:00:00Z,2016-12-23T10:50:00Z,2016-12-23T10:00:00Z,2016-12-23T10:51:00Z,50.0,51.0,0.0,1.0,EGO,Belgorod,AAQ,Anapa,Arrived,SU9,Sukhoi Superjet-100,3000,97,94,746400.00
202740,PG0481,2017-01-01T10:00:00Z,2017-01-01T10:50:00Z,2017-01-01T10:03:00Z,2017-01-01T10:52:00Z,50.0,49.0,3.0,2.0,EGO,Belgorod,AAQ,Anapa,Arrived,SU9,Sukhoi Superjet-100,3000,97,96,759000.00
202743,PG0481,2017-01-05T10:00:00Z,2017-01-05T10:50:00Z,2017-01-05T10:03:00Z,2017-01-05T10:53:00Z,50.0,50.0,3.0,3.0,EGO,Belgorod,AAQ,Anapa,Arrived,SU9,Sukhoi Superjet-100,3000,97,90,721200.00
202749,PG0481,2016-12-16T10:00:00Z,2016-12-16T10:50:00Z,2016-12-16T10:03:00Z,2016-12-16T10:54:00Z,50.0,51.0,3.0,4.0,EGO,Belgorod,AAQ,Anapa,Arrived,SU9,Sukhoi Superjet-100,3000,97,94,745800.00
202751,PG0481,2017-01-06T10:00:00Z,2017-01-06T10:50:00Z,2017-01-06T10:03:00Z,2017-01-06T10:54:00Z,50.0,51.0,3.0,4.0,EGO,Belgorod,AAQ,Anapa,Arrived,SU9,Sukhoi Superjet-100,3000,97,88,708600.00
202754,PG0481,2017-01-14T10:00:00Z,2017-01-14T10:50:00Z,2017-01-14T10:01:00Z,2017-01-14T10:52:00Z,50.0,51.0,1.0,2.0,EGO,Belgorod,AAQ,Anapa,Arrived,SU9,Sukhoi Superjet-100,3000,97,96,759000.00
202763,PG0481,2017-02-19T10:00:00Z,2017-02-19T10:50:00Z,2017-02-19T10:02:00Z,2017-02-19T10:52:00Z,50.0,50.0,2.0,2.0,EGO,Belgorod,AAQ,Anapa,Arrived,SU9,Sukhoi Superjet-100,3000,97,87,675900.00
202767,PG0481,2016-12-28T10:00:00Z,2016-12-28T10:50:00Z,2016-12-28T10:03:00Z,2016-12-28T10:53:00Z,50.0,50.0,3.0,3.0,EGO,Belgorod,AAQ,Anapa,Arrived,SU9,Sukhoi Superjet-100,3000,97,95,740100.00
202777,PG0481,2017-02-08T10:00:00Z,2017-02-08T10:50:00Z,2017-02-08T10:05:00Z,2017-02-08T10:55:00Z,50.0,50.0,5.0,5.0,EGO,Belgorod,AAQ,Anapa,Arrived,SU9,Sukhoi Superjet-100,3000,97,86,670800.00
202781,PG0481,2017-02-15T10:00:00Z,2017-02-15T10:50:00Z,2017-02-15T10:01:00Z,2017-02-15T10:51:00Z,50.0,50.0,1.0,1.0,EGO,Belgorod,AAQ,Anapa,Arrived,SU9,Sukhoi Superjet-100,3000,97,97,765300.00
202782,PG0481,2016-12-25T10:00:00Z,2016-12-25T10:50:00Z,2016-12-25T10:05:00Z,2016-12-25T10:55:00Z,50.0,50.0,5.0,5.0,EGO,Belgorod,AAQ,Anapa,Arrived,SU9,Sukhoi Superjet-100,3000,97,88,708600.00
202783,PG0481,2016-12-02T10:00:00Z,2016-12-02T10:50:00Z,2016-12-02T10:03:00Z,2016-12-02T10:53:00Z,50.0,50.0,3.0,3.0,EGO,Belgorod,AAQ,Anapa,Arrived,SU9,Sukhoi Superjet-100,3000,97,95,752700.00
202795,PG0481,2016-12-11T10:00:00Z,2016-12-11T10:50:00Z,2016-12-11T10:02:00Z,2016-12-11T10:53:00Z,50.0,51.0,2.0,3.0,EGO,Belgorod,AAQ,Anapa,Arrived,SU9,Sukhoi Superjet-100,3000,97,96,746400.00
202797,PG0481,2017-01-10T10:00:00Z,2017-01-10T10:50:00Z,2017-01-10T10:07:00Z,2017-01-10T10:58:00Z,50.0,51.0,7.0,8.0,EGO,Belgorod,AAQ,Anapa,Arrived,SU9,Sukhoi Superjet-100,3000,97,94,733800.00
202805,PG0481,2017-01-15T10:00:00Z,2017-01-15T10:50:00Z,2017-01-15T10:03:00Z,2017-01-15T10:53:00Z,50.0,50.0,3.0,3.0,EGO,Belgorod,AAQ,Anapa,Arrived,SU9,Sukhoi Superjet-100,3000,97,94,745800.00
202807,PG0481,2016-12-17T10:00:00Z,2016-12-17T10:50:00Z,2016-12-17T10:01:00Z,2016-12-17T10:51:00Z,50.0,50.0,1.0,1.0,EGO,Belgorod,AAQ,Anapa,Arrived,SU9,Sukhoi Superjet-100,3000,97,97,765300.00
202810,PG0481,2017-02-07T10:00:00Z,2017-02-07T10:50:00Z,2017-02-07T10:01:00Z,2017-02-07T10:51:00Z,50.0,50.0,1.0,1.0,EGO,Belgorod,AAQ,Anapa,Arrived,SU9,Sukhoi Superjet-100,3000,97,90,708600.00
202811,PG0481,2017-02-11T10:00:00Z,2017-02-11T10:50:00Z,2017-02-11T10:03:00Z,2017-02-11T10:53:00Z,50.0,50.0,3.0,3.0,EGO,Belgorod,AAQ,Anapa,Arrived,SU9,Sukhoi Superjet-100,3000,97,91,727500.00
202812,PG0481,2017-01-09T10:00:00Z,2017-01-09T10:50:00Z,2017-01-09T10:04:00Z,2017-01-09T10:54:00Z,50.0,50.0,4.0,4.0,EGO,Belgorod,AAQ,Anapa,Arrived,SU9,Sukhoi Superjet-100,3000,97,95,752700.00
202814,PG0481,2016-12-10T10:00:00Z,2016-12-10T10:50:00Z,2016-12-10T13:29:00Z,2016-12-10T14:20:00Z,50.0,51.0,209.0,210.0,EGO,Belgorod,AAQ,Anapa,Arrived,SU9,Sukhoi Superjet-100,3000,97,94,746400.00
202815,PG0481,2017-01-24T10:00:00Z,2017-01-24T10:50:00Z,2017-01-24T10:03:00Z,2017-01-24T10:53:00Z,50.0,50.0,3.0,3.0,EGO,Belgorod,AAQ,Anapa,Arrived,SU9,Sukhoi Superjet-100,3000,97,96,759000.00
202816,PG0481,2016-12-04T10:00:00Z,2016-12-04T10:50:00Z,2016-12-04T10:00:00Z,2016-12-04T10:50:00Z,50.0,50.0,0.0,0.0,EGO,Belgorod,AAQ,Anapa,Arrived,SU9,Sukhoi Superjet-100,3000,97,96,759000.00
202819,PG0481,2016-12-31T10:00:00Z,2016-12-31T10:50:00Z,2016-12-31T10:03:00Z,2016-12-31T10:53:00Z,50.0,50.0,3.0,3.0,EGO,Belgorod,AAQ,Anapa,Arrived,SU9,Sukhoi Superjet-100,3000,97,96,759000.00
202846,PG0481,2017-02-24T10:00:00Z,2017-02-24T10:50:00Z,2017-02-24T10:05:00Z,2017-02-24T10:56:00Z,50.0,51.0,5.0,6.0,EGO,Belgorod,AAQ,Anapa,Arrived,SU9,Sukhoi Superjet-100,3000,97,91,714900.00
202854,PG0481,2016-12-03T10:00:00Z,2016-12-03T10:50:00Z,2016-12-03T10:02:00Z,2016-12-03T10:52:00Z,50.0,50.0,2.0,2.0,EGO,Belgorod,AAQ,Anapa,Arrived,SU9,Sukhoi Superjet-100,3000,97,90,708600.00
202858,PG0481,2016-12-08T10:00:00Z,2016-12-08T10:50:00Z,2016-12-08T13:41:00Z,2016-12-08T14:31:00Z,50.0,50.0,221.0,221.0,EGO,Belgorod,AAQ,Anapa,Arrived,SU9,Sukhoi Superjet-100,3000,97,92,721200.00
202859,PG0481,2017-01-21T10:00:00Z,2017-01-21T10:50:00Z,2017-01-21T10:00:00Z,2017-01-21T10:50:00Z,50.0,50.0,0.0,0.0,EGO,Belgorod,AAQ,Anapa,Arrived,SU9,Sukhoi Superjet-100,3000,97,97,765300.00
202863,PG0481,2017-01-13T10:00:00Z,2017-01-13T10:50:00Z,2017-01-13T10:02:00Z,2017-01-13T10:52:00Z,50.0,50.0,2.0,2.0,EGO,Belgorod,AAQ,Anapa,Arrived,SU9,Sukhoi Superjet-100,3000,97,90,721200.00
202870,PG0481,2017-01-26T10:00:00Z,2017-01-26T10:50:00Z,2017-01-26T10:01:00Z,2017-01-26T10:50:00Z,50.0,49.0,1.0,0.0,EGO,Belgorod,AAQ,Anapa,Arrived,SU9,Sukhoi Superjet-100,3000,97,91,726900.00
202875,PG0481,2017-02-13T10:00:00Z,2017-02-13T10:50:00Z,2017-02-13T10:06:00Z,2017-02-13T10:55:00Z,50.0,49.0,6.0,5.0,EGO,Belgorod,AAQ,Anapa,Arrived,SU9,Sukhoi Superjet-100,3000,97,92,721200.00
202876,PG0481,2017-01-02T10:00:00Z,2017-01-02T10:50:00Z,2017-01-02T10:03:00Z,2017-01-02T10:54:00Z,50.0,51.0,3.0,4.0,EGO,Belgorod,AAQ,Anapa,Arrived,SU9,Sukhoi Superjet-100,3000,97,96,759000.00
202878,PG0481,2017-02-18T10:00:00Z,2017-02-18T10:50:00Z,2017-02-18T10:02:00Z,2017-02-18T10:52:00Z,50.0,50.0,2.0,2.0,EGO,Belgorod,AAQ,Anapa,Arrived,SU9,Sukhoi Superjet-100,3000,97,91,702300.00
202879,PG0481,2017-01-07T10:00:00Z,2017-01-07T10:50:00Z,2017-01-07T10:05:00Z,2017-01-07T10:55:00Z,50.0,50.0,5.0,5.0,EGO,Belgorod,AAQ,Anapa,Arrived,SU9,Sukhoi Superjet-100,3000,97,94,746400.00
202885,PG0481,2016-12-21T10:00:00Z,2016-12-21T10:50:00Z,2016-12-21T10:03:00Z,2016-12-21T10:53:00Z,50.0,50.0,3.0,3.0,EGO,Belgorod,AAQ,Anapa,Arrived,SU9,Sukhoi Superjet-100,3000,97,97,765300.00
202889,PG0481,2017-01-25T10:00:00Z,2017-01-25T10:50:00Z,2017-01-25T10:04:00Z,2017-01-25T10:54:00Z,50.0,50.0,4.0,4.0,EGO,Belgorod,AAQ,Anapa,Arrived,SU9,Sukhoi Superjet-100,3000,97,88,708600.00
202891,PG0481,2017-01-31T10:00:00Z,2017-01-31T10:50:00Z,2017-01-31T10:03:00Z,2017-01-31T10:53:00Z,50.0,50.0,3.0,3.0,EGO,Belgorod,AAQ,Anapa,Arrived,SU9,Sukhoi Superjet-100,3000,97,92,721200.00
202898,PG0481,2017-01-16T10:00:00Z,2017-01-16T10:50:00Z,2017-01-16T10:02:00Z,2017-01-16T10:51:00Z,50.0,49.0,2.0,1.0,EGO,Belgorod,AAQ,Anapa,Arrived,SU9,Sukhoi Superjet-100,3000,97,85,639300.00
202911,PG0481,2017-01-19T10:00:00Z,2017-01-19T10:50:00Z,2017-01-19T10:02:00Z,2017-01-19T10:52:00Z,50.0,50.0,2.0,2.0,EGO,Belgorod,AAQ,Anapa,Arrived,SU9,Sukhoi Superjet-100,3000,97,93,739500.00
202913,PG0481,2017-01-22T10:00:00Z,2017-01-22T10:50:00Z,2017-01-22T13:23:00Z,2017-01-22T14:13:00Z,50.0,50.0,203.0,203.0,EGO,Belgorod,AAQ,Anapa,Arrived,SU9,Sukhoi Superjet-100,3000,97,92,733800.00
202916,PG0481,2017-01-20T10:00:00Z,2017-01-20T10:50:00Z,2017-01-20T10:01:00Z,2017-01-20T10:50:00Z,50.0,49.0,1.0,0.0,EGO,Belgorod,AAQ,Anapa,Arrived,SU9,Sukhoi Superjet-100,3000,97,94,746400.00
202919,PG0481,2016-12-06T10:00:00Z,2016-12-06T10:50:00Z,2016-12-06T10:03:00Z,2016-12-06T10:52:00Z,50.0,49.0,3.0,2.0,EGO,Belgorod,AAQ,Anapa,Arrived,SU9,Sukhoi Superjet-100,3000,97,96,759000.00
202921,PG0481,2016-12-20T10:00:00Z,2016-12-20T10:50:00Z,2016-12-20T10:03:00Z,2016-12-20T10:53:00Z,50.0,50.0,3.0,3.0,EGO,Belgorod,AAQ,Anapa,Arrived,SU9,Sukhoi Superjet-100,3000,97,93,714900.00
202927,PG0481,2016-12-19T10:00:00Z,2016-12-19T10:50:00Z,2016-12-19T10:04:00Z,2016-12-19T10:54:00Z,50.0,50.0,4.0,4.0,EGO,Belgorod,AAQ,Anapa,Arrived,SU9,Sukhoi Superjet-100,3000,97,97,765300.00
202931,PG0481,2016-12-01T10:00:00Z,2016-12-01T10:50:00Z,2016-12-01T10:06:00Z,2016-12-01T10:55:00Z,50.0,49.0,6.0,5.0,EGO,Belgorod,AAQ,Anapa,Arrived,SU9,Sukhoi Superjet-100,3000,97,93,740100.00
